<PropertyList>

<path>cockpit.ac</path>
<offsets> 
	<x-m>-25.60</x-m>
	<y-m>  0.0 </y-m>
	<z-m>  2.65</z-m>
</offsets>

<model>
	<name>overhead</name>
	<path>Aircraft/747-400/Models/Cockpit/overhead.xml</path>
	<offsets>
		<x-m>1.46 </x-m>
		<y-m>0.0  </y-m>
		<z-m>1.374</z-m>
		<pitch-deg>162.5</pitch-deg>
	</offsets>
</model>

<model>
	<name>forward</name>
	<path>Aircraft/747-400/Models/Cockpit/forward.xml</path>
	<offsets>
		<x-m>0.751</x-m>
		<y-m>  0.0</y-m>
		<z-m>0.475</z-m>
		<pitch-deg>-22</pitch-deg>
	</offsets>
</model>

<model>
	<name>seats</name>
	<path>Aircraft/747-400/Models/Cockpit/seats.xml</path>
</model>

<model>
	<name>yokes</name>
	<path>Aircraft/747-400/Models/Cockpit/yokes.xml</path>
	<condition>
		<not>
			<property>sim/model/hide-yoke</property>
		</not>
	</condition>
</model>

<!-- ### PEDESTAL PANEL ### -->

<effect>
	<inherits-from>Effects/lightmap</inherits-from>
	<parameters>
		<texture n="1">
			<image>Aircraft/747-400/Models/Effects/lightmap_pedestal.png</image>
		</texture>
		<factor><use>/controls/lighting/panel-norm</use></factor>
	</parameters>
	<object-name>pedestal</object-name>
	<object-name>radio_swap_freq</object-name>
</effect>

<effect>
	<inherits-from>Effects/lightmap</inherits-from>
	<parameters>
		<texture n="1">
			<image>Aircraft/747-400/Models/Effects/lightmap_overhead_switches.png</image>
		</texture>
		<factor><use>/controls/lighting/panel-norm</use></factor>
	</parameters>
	<object-name>sw.autobrake</object-name>
	<object-name>sw.seatbelt</object-name>
</effect>

<effect>
	<inherits-from>Effects/lightmap</inherits-from>
	<parameters>
		<texture n="1">
			<image>Aircraft/747-400/Models/Effects/lightmap_throttle.png</image>
		</texture>
		<factor><use>/controls/lighting/panel-norm</use></factor>
	</parameters>
	<object-name>throttle</object-name>
</effect>

<animation>
	<type>pick</type>
	<object-name>Lower-EICAS-Screen</object-name>
	<action>
		<button>0</button>
		<repeatable>false</repeatable>
		<binding>
			<command>nasal</command>
			<script>Boeing747.showEicas();</script>
		</binding>
	</action>
</animation>
<animation>
	<type>pick</type>
	<object-name>Upper-EICAS-Screen</object-name>
	<action>
		<button>0</button>
		<repeatable>false</repeatable>
		<binding>
			<command>nasal</command>
			<script>Boeing747.showPrimaryEicas();</script>
		</binding>
	</action>
</animation>

<!-- CDU -->
<model>
	<path>Aircraft/Instruments-3d/cdu/boeing.xml</path>
	<offsets>
		<x-m> 0.858</x-m>
		<y-m>-0.186</y-m>
		<z-m> 0.489</z-m>
		<pitch-deg>-75</pitch-deg>
	</offsets>
	<overlay>
		<texture>boeing_brown.png</texture>
	</overlay>
</model>

<model>
	<path>Aircraft/Instruments-3d/cdu/boeing.xml</path>
	<offsets>
		<x-m> 0.858</x-m>
		<y-m> 0.186</y-m>
		<z-m> 0.489</z-m>
		<pitch-deg>-75</pitch-deg>
	</offsets>
	<overlay>
		<texture>boeing_brown.png</texture>
	</overlay>
</model>

<model>
	<name>CDU3</name>
	<path>Aircraft/Instruments-3d/cdu/boeing.xml</path>
	<offsets>
		<x-m>1.455</x-m>
		<y-m>0.000</y-m>
		<z-m>0.415</z-m>
		<pitch-deg>-90</pitch-deg>
	</offsets>
	<overlay>
		<texture>boeing_brown.png</texture>
	</overlay>
</model>
<animation>
	<type>scale</type>
	<object-name>CDU3</object-name>
	<x-offset>0.963</x-offset>
	<y-offset>0.986</y-offset>
	<z-offset>1</z-offset>
	<center>
		<x-m>1.450</x-m>
		<y-m>0.000</y-m>
		<z-m>0.415</z-m>
	</center>
</animation>

<!-- TRANSPONDER -->

<animation>
	<type>knob</type>
	<object-name>sw.trsp.mode</object-name>
	<property>/instrumentation/transponder/inputs/knob-mode</property>
	<action>
		<binding>
			<command>property-cycle</command>
			<wrap>false</wrap>
			<property>/instrumentation/transponder/inputs/knob-mode</property>
			<value type="int">1</value>
			<value type="int">0</value>
			<value type="int">4</value>
			<value type="int">5</value>
		</binding>
	</action>	
	<interpolation>
		<entry>
			<ind>0</ind>
			<dep>60</dep>
		</entry>
		<entry>
			<ind>1</ind>
			<dep>90</dep>
		</entry>
		<entry>
			<ind>4</ind>
			<dep>30</dep>
		</entry>
		<entry>
			<ind>5</ind>
			<dep>-30</dep>
		</entry>
	</interpolation>
	<center>
		<x-m>1.466</x-m><y-m>0.195</y-m><z-m>0</z-m>
	</center>
	<axis>
		<z>1</z>
	</axis>
</animation>

<animation>
	<type>knob</type>
	<object-name>sw.trsp.code</object-name>
	<shift-repeat>100</shift-repeat>
	<action>
		<repeatable>true</repeatable>  
		<binding>
			<command>property-adjust</command>
			<property>/instrumentation/transponder/id-code</property>
			<factor>1</factor>
			<min>0</min>
			<max>7777</max>
		</binding>
	</action>
</animation>

<model>
	<path>Aircraft/747-400/Models/Cockpit/display-number.xml</path>
	<offsets>
		<x-m> 1.469</x-m>
		<y-m> 0.151</y-m>
		<z-m> 0.419</z-m>
		<pitch-deg>-90</pitch-deg>
	</offsets>
	<overlay>
		<params>
			<property type="string">/instrumentation/transponder/id-code</property>
			<format type="string">%04.0f</format>
			<font>led.txf</font>
			<character-size type="double">0.01</character-size>
			<color>
				<red   type="double">1</red>
				<green type="double">1</green>
				<blue  type="double">1</blue>
			</color>
		</params>
	</overlay>
</model>

<!-- AUTOBRAKE -->

<animation>
	<type>knob</type>
	<object-name>sw.autobrake</object-name>
	<property>/autopilot/autobrake/step</property>
	<offset-deg>-30</offset-deg>
	<factor>-30</factor>
	<action>
		<repeatable>true</repeatable>  
		<binding>
			<command>property-adjust</command>
			<property>/autopilot/autobrake/step</property>
			<factor>1</factor>
			<min>-2</min>
			<max>5</max>
		</binding>
	</action>
	<center>
		<x-m>1.544</x-m><y-m>0.119</y-m><z-m>0.413</z-m>
	</center>
	<axis>
		<z>1</z>
	</axis>
</animation>

<!-- AILERON TRIM -->

<animation>
	<type>knob</type>
	<object-name>aileron_trim_ctrl</object-name>
	<property>/controls/switches/aileron-trim-pressed</property>
	<factor>-40</factor>
	<cursor-name>hand</cursor-name>
	<action>
		<repeatable>true</repeatable>
		<binding>
			<command>property-adjust</command>
			<property>/controls/flight/aileron-trim</property>
			<factor>0.01</factor>
		</binding>
	</action>
	<increase>
		<binding>
			<command>property-assign</command>
			<property>/controls/switches/aileron-trim-pressed</property>
			<value>1</value>
		</binding>
	</increase>
	<decrease>
		<binding>
			<command>property-assign</command>
			<property>/controls/switches/aileron-trim-pressed</property>
			<value>-1</value>
		</binding>
	</decrease>
	<release>
		<binding>
			<command>property-assign</command>
			<property>/controls/switches/aileron-trim-pressed</property>
			<value>0</value>
		</binding>
	</release>
	<center>
		<x-m>1.645</x-m><y-m>-0.045</y-m><z-m>0.417</z-m>
	</center>
	<axis>
		<x>1</x>
	</axis>
</animation>

<!-- RUDDER TRIM -->

<animation>
	<type>knob</type>
	<object-name>rudder_trim_ctrl</object-name>
	<property>/controls/flight/rudder-trim</property>
	<factor>-1569.6</factor> <!-- 4.36 turns = 10 units -->
	<action>
		<repeatable>true</repeatable>  
		<binding>
			<command>property-adjust</command>
			<property>/controls/flight/rudder-trim</property>
			<factor>0.01</factor>
			<min>-1</min>
			<max>1</max>
		</binding>
	</action>
	<center>
		<x-m>1.634</x-m><y-m>0.029</y-m><z-m>0.413</z-m>
	</center>
	<axis>
		<z>1</z>
	</axis>
</animation>

<animation>
	<type>translate</type>
	<object-name>rudder_trim_units</object-name>
	<property>/controls/flight/rudder-trim</property>
	<factor>0.0397</factor>
	<axis>
		<x>0</x>
		<y>1</y>
		<z>0</z>
	</axis>
</animation>

<animation>
	<type>textranslate</type>
	<object-name>stab.trim.ind</object-name>
	<property>controls/flight/elevator-trim</property>
	<factor>0.095</factor>
	<step>0.01</step>
	<axis>
		<y>-1</y>
	</axis>
</animation>


<animation>
	<type>textranslate</type>
	<object-name>stab.trim.greenband</object-name>
	<property>/instrumentation/stabilizer-trim-indicator/greenband</property>
	<factor>0.0185</factor>
	<axis>
		<y>1</y>
	</axis>
</animation>

<!-- NO SMOKING SIGN -->

<animation>
	<type>knob</type>
	<object-name>sw.smoking</object-name>
	<property>/controls/switches/smoking-sign</property>
	<factor>-90</factor>
	<action>
		<repeatable>true</repeatable>  
		<binding>
			<command>property-adjust</command>
			<property>/controls/switches/smoking-sign</property>
			<factor>1</factor>
			<min>0</min>
			<max>1</max>
		</binding>
	</action>
	<center>
		<x-m> 1.678</x-m><y-m>-0.197</y-m><z-m> 0.413</z-m>
	</center>
	<axis>
		<z>1</z>
	</axis>
</animation>

<!-- SEATBELT SIGN -->

<animation>
	<type>knob</type>
	<object-name>sw.seatbelt</object-name>
	<property>/controls/switches/seatbelt-sign</property>
	<factor>-90</factor>
	<action>
		<repeatable>true</repeatable>  
		<binding>
			<command>property-adjust</command>
			<property>/controls/switches/seatbelt-sign</property>
			<factor>1</factor>
			<min>0</min>
			<max>1</max>
		</binding>
	</action>
	<center>
		<x-m> 1.678</x-m><y-m>-0.098</y-m><z-m> 0.413</z-m>
	</center>
	<axis>
		<z>1</z>
	</axis>
</animation>

<!-- THROTTLE LEVERS -->
<!-- ENGINE 1 -->

<animation>
	<type>slider</type>
	<object-name>throttle_eng.1</object-name>
	<visible>true</visible>
	<drag-direction>vertical</drag-direction>
	<action>
		<binding>
			<command>property-adjust</command>
			<property>controls/engines/engine[0]/throttle</property>
			<factor>0.05</factor>
			<min>0</min>
			<max>1</max>
			<wrap>0</wrap>
		</binding>
	</action>
	<hovered>
		<binding>
			<command>set-tooltip</command>
			<label>Throttle #1: %3d%%</label>
			<tooltip-id>throttle</tooltip-id>
			<mapping>percent</mapping>
			<property>controls/engines/engine[0]/throttle</property>
		</binding>
	</hovered>
</animation>

<animation>
	<type>pick</type>
	<object-name>reverser_eng.1</object-name>
	<visible>true</visible>
	<action>
		<button>0</button>
		<repeatable>false</repeatable>
		<binding>
			<command>property-toggle</command>
			<property>/controls/engines/engine[0]/reverser</property>
		</binding>
	</action>
</animation>
	
<animation>
	<type>rotate</type>
	<object-name>throttle_eng.1</object-name>
	<object-name>reverser_eng.1</object-name>
	<property>/controls/engines/engine[0]/throttle</property>
	<factor>55</factor>
	<center>
		<x-m>1.133</x-m>
		<y-m>0</y-m>
		<z-m>0.362</z-m>
	</center>
	<axis>
		<x> 0.0</x>
		<y>-1.0</y>
		<z> 0.0</z>
	</axis>
</animation>

<animation>
	<type>rotate</type>
	<object-name>reverser_eng.1</object-name>
	<property>/controls/engines/engine[0]/reverser</property>
	<factor>40</factor>
	<center>
		<x-m>1.211</x-m>
		<y-m>0</y-m>
		<z-m>0.530</z-m>
	</center>
	<axis>
		<x>0.0</x>
		<y>1.0</y>
		<z>0</z>
	</axis>
</animation>

<!-- ENGINE 2 -->

<animation>
	<type>slider</type>
	<object-name>throttle_eng.2</object-name>
	<visible>true</visible>
	<drag-direction>vertical</drag-direction>
	<action>
		<binding>
			<command>property-adjust</command>
			<property>controls/engines/engine[1]/throttle</property>
			<factor>0.05</factor>
			<min>0</min>
			<max>1</max>
			<wrap>0</wrap>
		</binding>
	</action>
	<hovered>
		<binding>
			<command>set-tooltip</command>
			<label>Throttle #2: %3d%%</label>
			<tooltip-id>throttle</tooltip-id>
			<mapping>percent</mapping>
			<property>controls/engines/engine[1]/throttle</property>
		</binding>
	</hovered>
</animation>

<animation>
	<type>pick</type>
	<object-name>reverser_eng.2</object-name>
	<visible>true</visible>
	<action>
		<button>0</button>
		<repeatable>false</repeatable>
		<binding>
			<command>property-toggle</command>
			<property>/controls/engines/engine[1]/reverser</property>
		</binding>
	</action>
</animation>

<animation>
	<type>rotate</type>
	<object-name>throttle_eng.2</object-name>
	<object-name>reverser_eng.2</object-name>
	<property>/controls/engines/engine[1]/throttle</property>
	<factor>55</factor>
	<center>
		<x-m>1.133</x-m>
		<y-m>0</y-m>
		<z-m>0.362</z-m>
	</center>
	<axis>
		<x> 0.0</x>
		<y>-1.0</y>
		<z> 0.0</z>
	</axis>
</animation>

<animation>
	<type>rotate</type>
	<object-name>reverser_eng.2</object-name>
	<property>/controls/engines/engine[1]/reverser</property>
	<factor>40</factor>
	<center>
		<x-m>1.211</x-m>
		<y-m>0</y-m>
		<z-m>0.530</z-m>
	</center>
	<axis>
		<x>0.0</x>
		<y>1.0</y>
		<z>0</z>
	</axis>
</animation>

<!-- ENGINE 3 -->

<animation>
	<type>slider</type>
	<object-name>throttle_eng.3</object-name>
	<visible>true</visible>
	<drag-direction>vertical</drag-direction>
	<action>
		<binding>
			<command>property-adjust</command>
			<property>controls/engines/engine[2]/throttle</property>
			<factor>0.05</factor>
			<min>0</min>
			<max>1</max>
			<wrap>0</wrap>
		</binding>
	</action>
	<hovered>
		<binding>
			<command>set-tooltip</command>
			<label>Throttle #3: %3d%%</label>
			<tooltip-id>throttle</tooltip-id>
			<mapping>percent</mapping>
			<property>controls/engines/engine[2]/throttle</property>
		</binding>
	</hovered>
</animation>

<animation>
	<type>pick</type>
	<object-name>reverser_eng.3</object-name>
	<visible>true</visible>
	<action>
		<button>0</button>
		<repeatable>false</repeatable>
		<binding>
			<command>property-toggle</command>
			<property>/controls/engines/engine[2]/reverser</property>
		</binding>
	</action>
</animation>

<animation>
	<type>rotate</type>
	<object-name>throttle_eng.3</object-name>
	<object-name>reverser_eng.3</object-name>
	<property>/controls/engines/engine[2]/throttle</property>
	<factor>55</factor>
	<center>
		<x-m>1.133</x-m>
		<y-m>0</y-m>
		<z-m>0.362</z-m>
	</center>
	<axis>
		<x> 0.0</x>
		<y>-1.0</y>
		<z> 0.0</z>
	</axis>
</animation>

<animation>
	<type>rotate</type>  
	<object-name>reverser_eng.3</object-name>
	<property>/controls/engines/engine[2]/reverser</property>
	<factor>40</factor>
	<center>
		<x-m>1.211</x-m>
		<y-m>0</y-m>
		<z-m>0.530</z-m>
	</center>
	<axis>
		<x>0.0</x>
		<y>1.0</y>
		<z>0</z>
	</axis>
</animation>

<!-- ENGINE 4 -->

<animation>
	<type>slider</type>
	<object-name>throttle_eng.4</object-name>
	<visible>true</visible>
	<drag-direction>vertical</drag-direction>
	<action>
		<binding>
			<command>property-adjust</command>
			<property>controls/engines/engine[3]/throttle</property>
			<factor>0.05</factor>
			<min>0</min>
			<max>1</max>
			<wrap>0</wrap>
		</binding>
	</action>
	<hovered>
		<binding>
			<command>set-tooltip</command>
			<label>Throttle #4: %3d%%</label>
			<tooltip-id>throttle</tooltip-id>
			<mapping>percent</mapping>
			<property>controls/engines/engine[3]/throttle</property>
		</binding>
	</hovered>
</animation>

<animation>
	<type>pick</type>
	<object-name>reverser_eng.4</object-name>
	<visible>true</visible>
	<action>
		<button>0</button>
		<repeatable>false</repeatable>
		<binding>
			<command>property-toggle</command>
			<property>/controls/engines/engine[3]/reverser</property>
		</binding>
	</action>
</animation>

<animation>
	<type>rotate</type>
	<object-name>throttle_eng.4</object-name>
	<object-name>reverser_eng.4</object-name>
	<property>/controls/engines/engine[3]/throttle</property>
	<factor>55</factor>
	<center>
		<x-m>1.133</x-m>
		<y-m>0</y-m>
		<z-m>0.362</z-m>
	</center>
	<axis>
		<x> 0.0</x>
		<y>-1.0</y>
		<z> 0.0</z>
	</axis>
</animation>

<animation>
	<type>rotate</type>
	<object-name>reverser_eng.4</object-name>
	<property>/controls/engines/engine[3]/reverser</property>
	<factor>40</factor>
	<center>
		<x-m>1.211</x-m>
		<y-m>0</y-m>
		<z-m>0.530</z-m>
	</center>
	<axis>
		<x>0.0</x>
		<y>1.0</y>
		<z>0</z>
	</axis>
</animation>

<!-- FLAPS LEVER -->

<animation>
	<type>knob</type>
	<object-name>flap_handle</object-name>
	<drag-direction>vertical</drag-direction>
	<property>/controls/flight/flaps</property>
	<increase>
		<binding>
			<command>nasal</command>
			<script>controls.flapsDown(-1);</script>
		</binding>
	</increase>
	<decrease>
		<binding>
			<command>nasal</command>
			<script>controls.flapsDown(1);</script>
		</binding>
	</decrease>
	<hovered>
		<binding>
			<command>set-tooltip</command>
			<label>Flaps: %2d</label>
			<tooltip-id>flaps</tooltip-id>
			<property>/fdm/jsbsim/fcs/flap-cmd-deg</property>
		</binding>
	</hovered>
	<interpolation>
		<entry>
			<ind>0</ind>
			<dep>0.00</dep>
		</entry>
		<entry>
			<ind>0.001</ind>
			<dep>10.83</dep>
		</entry>
		<entry>
			<ind>0.167</ind>
			<dep>21.67</dep>
		</entry>
		<entry>
			<ind>0.333</ind>
			<dep>32.50</dep>
		</entry>
		<entry>
			<ind>0.667</ind>
			<dep>43.33</dep>
		</entry>
		<entry>
			<ind>0.833</ind>
			<dep>54.17</dep>
		</entry>
		<entry>
			<ind>1</ind>
			<dep>65.00</dep>
		</entry>
	</interpolation>
	<center>
		<x-m>1.143</x-m><y-m>0</y-m><z-m>0.362</z-m>
	</center>
	<axis>
		<y>1</y>
	</axis>
</animation>

<!-- SPEEDBRAKE LEVER -->

<animation>
	<type>knob</type>
	<object-name>speedbrake</object-name>
	<drag-direction>vertical</drag-direction>
	<property>/autopilot/autospoilers/step</property>
	<action>
		<binding>
			<command>property-adjust</command>
			<property>/autopilot/autospoilers/step</property>
			<factor>-1</factor>
			<min>0</min>
			<max>3</max>
		</binding>
	</action>
	<interpolation>
		<entry>
			<ind>0</ind>
			<dep>-3</dep>
		</entry>
		<entry>
			<ind>1</ind>
			<dep>0</dep>
		</entry>
		<entry>
			<ind>2</ind>
			<dep>34</dep>
		</entry>
		<entry>
			<ind>3</ind>
			<dep>68</dep>
		</entry>
	</interpolation>
	<center>
		<x-m>1.143</x-m><y-m>0</y-m><z-m>0.362</z-m>
	</center>
	<axis>
		<y>1</y>
	</axis>
</animation>

<!-- FUEL CONTROL -->

<animation>
	<type>pick</type>
	<object-name>fuel_ctrl.1</object-name>
	<action>
		<button>0</button>
		<repeatable>false</repeatable>  
		<binding>
			<command>property-toggle</command>
			<property>/controls/engines/engine/cutoff</property>
		</binding>
	</action>
</animation>

<animation>
	<type>rotate</type>
	<object-name>fuel_ctrl.1</object-name>
	<property>/controls/engines/engine/cutoff</property>
	<factor>80</factor>
	<center>
		<x-m>1.239</x-m>
		<y-m>0</y-m>
		<z-m>0.465</z-m>
	</center>
	<axis>
		<x>0</x>
		<y>1</y>
		<z>0</z>
	</axis>
</animation>

<animation>
	<type>pick</type>
	<object-name>fuel_ctrl.2</object-name>
	<action>
		<button>0</button>
		<repeatable>false</repeatable>  
		<binding>
			<command>property-toggle</command>
			<property>/controls/engines/engine[1]/cutoff</property>
		</binding>
	</action>
</animation>

<animation>
	<type>rotate</type>
	<object-name>fuel_ctrl.2</object-name>
	<property>/controls/engines/engine[1]/cutoff</property>
	<factor>80</factor>
	<center>
		<x-m>1.239</x-m>
		<y-m>0</y-m>
		<z-m>0.465</z-m>
	</center>
	<axis>
		<x>0</x>
		<y>1</y>
		<z>0</z>
	</axis>
</animation>

<animation>
	<type>pick</type>
	<object-name>fuel_ctrl.3</object-name>
	<action>
		<button>0</button>
		<repeatable>false</repeatable>  
		<binding>
			<command>property-toggle</command>
			<property>/controls/engines/engine[2]/cutoff</property>
		</binding>
	</action>
</animation>

<animation>
	<type>rotate</type>
	<object-name>fuel_ctrl.3</object-name>
	<property>/controls/engines/engine[2]/cutoff</property>
	<factor>80</factor>
	<center>
		<x-m>1.239</x-m>
		<y-m>0</y-m>
		<z-m>0.465</z-m>
	</center>
	<axis>
		<x>0</x>
		<y>1</y>
		<z>0</z>
	</axis>
</animation>

<animation>
	<type>pick</type>
	<object-name>fuel_ctrl.4</object-name>
	<action>
		<button>0</button>
		<repeatable>false</repeatable>  
		<binding>
			<command>property-toggle</command>
			<property>/controls/engines/engine[3]/cutoff</property>
		</binding>
	</action>
</animation>

<animation>
	<type>rotate</type>
	<object-name>fuel_ctrl.4</object-name>
	<property>/controls/engines/engine[3]/cutoff</property>
	<factor>80</factor>
	<center>
		<x-m>1.239</x-m>
		<y-m>0</y-m>
		<z-m>0.465</z-m>
	</center>
	<axis>
		<x>0</x>
		<y>1</y>
		<z>0</z>
	</axis>
 </animation>
 
 
<model>
	<path>Aircraft/747-400/Models/Cockpit/display-text.xml</path>
	<offsets>
		<x-m> 1.689</x-m>
		<y-m> 0.000</y-m>
		<z-m> 0.420</z-m>
		<pitch-deg>-90</pitch-deg>
	</offsets>
	<overlay>
		<params>
			<text type="string">CABIN READY</text>
			<character-size type="double">0.011</character-size>
			<color>
				<red   type="double">0.1</red>
				<green type="double">1.0</green>
				<blue  type="double">0.1</blue>
			</color>
		</params>
	</overlay>
</model>

<!-- RADIOS -->

<animation>
	<type>knob</type>
	<object-name>sw.radio_freq0.inn</object-name>
	<action>
		<binding>
			<command>property-adjust</command>
			<property>/instrumentation/comm[0]/frequencies/standby-mhz</property>
			<factor>0.01</factor>
			<min>108</min>
			<max>137</max>
		</binding>
	</action>
	<hovered>
		<binding>
			<command>set-tooltip</command>
			<label>Standby 1: %3.03f MHz</label>
			<tooltip-id>mixture</tooltip-id>
			<property>/instrumentation/comm[0]/frequencies/standby-mhz</property>
		</binding>
	</hovered>
</animation>

<animation>
	<type>knob</type>
	<object-name>sw.radio_freq1.inn</object-name>
	<action>
		<binding>
			<command>property-adjust</command>
			<property>/instrumentation/comm[1]/frequencies/standby-mhz</property>
			<factor>0.01</factor>
			<min>108</min>
			<max>137</max>
		</binding>
	</action>
	<hovered>
		<binding>
			<command>set-tooltip</command>
			<label>Standby 2: %3.03f MHz</label>
			<tooltip-id>mixture</tooltip-id>
			<property>/instrumentation/comm[1]/frequencies/standby-mhz</property>
		</binding>
	</hovered>
</animation>

<animation>
	<type>knob</type>
	<object-name>sw.radio_freq2.inn</object-name>
	<action>
		<binding>
			<command>property-adjust</command>
			<property>/instrumentation/comm[2]/frequencies/standby-mhz</property>
			<factor>0.01</factor>
			<min>108</min>
			<max>137</max>
		</binding>
	</action>
	<hovered>
		<binding>
			<command>set-tooltip</command>
			<label>Standby 3: %3.03f MHz</label>
			<tooltip-id>mixture</tooltip-id>
			<property>/instrumentation/comm[2]/frequencies/standby-mhz</property>
		</binding>
	</hovered>
</animation>

<animation>
	<type>knob</type>
	<object-name>sw.radio_freq0.out</object-name>
	<action>
		<binding>
			<command>property-adjust</command>
			<property>/instrumentation/comm[0]/frequencies/standby-mhz</property>
			<factor>1</factor>
			<min>108</min>
			<max>137</max>
		</binding>
	</action>
	<hovered>
		<binding>
			<command>set-tooltip</command>
			<label>Standby 1: %3.03f MHz</label>
			<tooltip-id>mixture</tooltip-id>
			<property>/instrumentation/comm[0]/frequencies/standby-mhz</property>
		</binding>
	</hovered>
</animation>

<animation>
	<type>knob</type>
	<object-name>sw.radio_freq1.out</object-name>
	<action>
		<binding>
			<command>property-adjust</command>
			<property>/instrumentation/comm[1]/frequencies/standby-mhz</property>
			<factor>1</factor>
			<min>108</min>
			<max>137</max>
		</binding>
	</action>
	<hovered>
		<binding>
			<command>set-tooltip</command>
			<label>Standby 2: %3.03f MHz</label>
			<tooltip-id>mixture</tooltip-id>
			<property>/instrumentation/comm[1]/frequencies/standby-mhz</property>
		</binding>
	</hovered>
</animation>

<animation>
	<type>knob</type>
	<object-name>sw.radio_freq2.out</object-name>
	<action>
		<binding>
			<command>property-adjust</command>
			<property>/instrumentation/comm[2]/frequencies/standby-mhz</property>
			<factor>1</factor>
			<min>108</min>
			<max>137</max>
		</binding>
	</action>
	<hovered>
		<binding>
			<command>set-tooltip</command>
			<label>Standby 3: %3.03f MHz</label>
			<tooltip-id>mixture</tooltip-id>
			<property>/instrumentation/comm[2]/frequencies/standby-mhz</property>
		</binding>
	</hovered>
</animation>

<!-- ACTIVE FREQ -->

<model>
	<path>Aircraft/747-400/Models/Cockpit/display-number.xml</path>
	<offsets>
		<x-m> 1.282</x-m>
		<y-m>-0.184</y-m>
		<z-m> 0.419</z-m>
		<pitch-deg>-90</pitch-deg>
	</offsets>
	<overlay>
		<params>
			<property type="string">/instrumentation/comm[0]/frequencies/selected-mhz</property>
			<format type="string">%03.03f</format>
			<font>led.txf</font>
			<character-size type="double">0.01</character-size>
			<color>
				<red   type="double">0.7</red>
				<green type="double">0.7</green>
				<blue  type="double">0.7</blue>
			</color>
		</params>
	</overlay>
</model>

<model>
	<path>Aircraft/747-400/Models/Cockpit/display-number.xml</path>
	<offsets>
		<x-m> 1.460</x-m>
		<y-m>-0.184</y-m>
		<z-m> 0.419</z-m>
		<pitch-deg>-90</pitch-deg>
	</offsets>
	<overlay>
		<params>
			<property type="string">/instrumentation/comm[2]/frequencies/selected-mhz</property>
			<format type="string">%03.03f</format>
			<font>led.txf</font>
			<character-size type="double">0.01</character-size>
			<color>
				<red   type="double">0.7</red>
				<green type="double">0.7</green>
				<blue  type="double">0.7</blue>
			</color>
		</params>
	</overlay>
</model>

<model>
	<path>Aircraft/747-400/Models/Cockpit/display-number.xml</path>
	<offsets>
		<x-m> 1.282</x-m>
		<y-m> 0.114</y-m>
		<z-m> 0.419</z-m>
		<pitch-deg>-90</pitch-deg>
	</offsets>
	<overlay>
		<params>
			<property type="string">/instrumentation/comm[1]/frequencies/selected-mhz</property>
			<format type="string">%03.03f</format>
			<font>led.txf</font>
			<character-size type="double">0.01</character-size>
			<color>
				<red   type="double">0.7</red>
				<green type="double">0.7</green>
				<blue  type="double">0.7</blue>
			</color>
		</params>
	</overlay>
</model>

<!-- STANDBY FREQ -->

<model>
	<path>Aircraft/747-400/Models/Cockpit/display-number.xml</path>
	<offsets>
		<x-m> 1.282</x-m>
		<y-m>-0.115</y-m>
		<z-m> 0.419</z-m>
		<pitch-deg>-90</pitch-deg>
	</offsets>
	<overlay>
		<params>
			<property type="string">/instrumentation/comm[0]/frequencies/standby-mhz</property>
			<format type="string">%03.03f</format>
			<font>led.txf</font>
			<character-size type="double">0.01</character-size>
			<color>
				<red   type="double">0.7</red>
				<green type="double">0.7</green>
				<blue  type="double">0.7</blue>
			</color>
		</params>
	</overlay>
</model>

<model>
	<path>Aircraft/747-400/Models/Cockpit/display-number.xml</path>
	<offsets>
		<x-m> 1.460</x-m>
		<y-m>-0.115</y-m>
		<z-m> 0.419</z-m>
		<pitch-deg>-90</pitch-deg>
	</offsets>
	<overlay>
		<params>
			<property type="string">/instrumentation/comm[2]/frequencies/standby-mhz</property>
			<format type="string">%03.03f</format>
			<font>led.txf</font>
			<character-size type="double">0.01</character-size>
			<color>
				<red   type="double">0.7</red>
				<green type="double">0.7</green>
				<blue  type="double">0.7</blue>
			</color>
		</params>
	</overlay>
</model>

<model>
	<path>Aircraft/747-400/Models/Cockpit/display-number.xml</path>
	<offsets>
		<x-m> 1.282</x-m>
		<y-m> 0.185</y-m>
		<z-m> 0.419</z-m>
		<pitch-deg>-90</pitch-deg>
	</offsets>
	<overlay>
		<params>
			<property type="string">/instrumentation/comm[1]/frequencies/standby-mhz</property>
			<format type="string">%03.03f</format>
			<font>led.txf</font>
			<character-size type="double">0.01</character-size>
			<color>
				<red   type="double">0.7</red>
				<green type="double">0.7</green>
				<blue  type="double">0.7</blue>
			</color>
		</params>
	</overlay>
</model>

<!-- SWAP FREQ -->

<animation>
	<type>pick</type>
	<object-name>radio_swap_freq0</object-name>
	<action>
		<button>0</button>
		<binding>
			<command>property-swap</command>
			<property>/instrumentation/comm[0]/frequencies/selected-mhz</property>
			<property>/instrumentation/comm[0]/frequencies/standby-mhz</property>
		</binding>
	</action>
</animation>

<animation>
	<type>pick</type>
	<object-name>radio_swap_freq1</object-name>
	<action>
		<button>0</button>
		<binding>
			<command>property-swap</command>
			<property>/instrumentation/comm[1]/frequencies/selected-mhz</property>
			<property>/instrumentation/comm[1]/frequencies/standby-mhz</property>
		</binding>
	</action>
</animation>

<animation>
	<type>pick</type>
	<object-name>radio_swap_freq2</object-name>
	<action>
		<button>0</button>
		<binding>
			<command>property-swap</command>
			<property>/instrumentation/comm[2]/frequencies/selected-mhz</property>
			<property>/instrumentation/comm[2]/frequencies/standby-mhz</property>
		</binding>
	</action>
</animation>

</PropertyList>