<PropertyList>

<path>forward.ac</path>

<effect>
	<inherits-from>Effects/lightmap</inherits-from>
	<parameters>
		<texture n="1">
			<image>Aircraft/747-400/Models/Cockpit/forward-switches-lit.png</image>
		</texture>
		<factor>1</factor>
	</parameters>
	<object-name>Plane.005</object-name>
</effect>

<effect>
	<inherits-from>Effects/lightmap</inherits-from>
	<parameters>
		<texture n="1">
			<image>Aircraft/747-400/Models/Cockpit/forward-lit.png</image>
		</texture>
		<factor><use>/controls/lighting/panel-norm</use></factor>
	</parameters>
	<object-name>Plane.001</object-name>
</effect>

<model>
	<path>Aircraft/747-400/Models/Cockpit/Instruments/brake-pressure.xml</path>
	<offsets>
		<x-m> 0.008</x-m>
		<y-m>-0.345</y-m>
		<z-m> 0.043</z-m>
	</offsets>
</model>

<model>
	<name>STBY-AI</name>
	<path>Aircraft/747-400/Models/Cockpit/Instruments/stby-ai.xml</path>
	<offsets>
		<x-m> 0.008</x-m>
		<y-m>-0.165</y-m>
		<z-m> 0.277</z-m>
	</offsets>
</model>
 
<model>
	<name>STBY-ASI</name>
	<path>Aircraft/747-400/Models/Cockpit/Instruments/stby-asi.xml</path>
	<offsets>
		<x-m> 0.008</x-m>
		<y-m>-0.165</y-m>
		<z-m> 0.188</z-m>
	</offsets>
</model>
 
<model>
	<name>STBY-ALT</name>
	<path>Aircraft/747-400/Models/Cockpit/Instruments/stby-alt.xml</path>
	<offsets>
		<x-m> 0.008</x-m>
		<y-m>-0.165</y-m>
		<z-m> 0.097</z-m>
	</offsets>
</model>

<model>
	<path>Aircraft/747-400/Models/Cockpit/Instruments/chronometer.xml</path>
	<offsets>
		<x-m> 0.008</x-m>
		<y-m>-0.700</y-m>
		<z-m> 0.236</z-m>
	</offsets>
</model>
<model>
	<path>Aircraft/747-400/Models/Cockpit/Instruments/chronometer.xml</path>
	<offsets>
		<x-m> 0.008</x-m>
		<y-m> 0.700</y-m>
		<z-m> 0.236</z-m>
	</offsets>
</model>

<animation>
	<type>pick</type>
	<object-name>pfdScreen</object-name>
	<action>
		<button>0</button>
		<repeatable>false</repeatable>
		<binding>
			<command>nasal</command>
			<script>Boeing747.showPfd();</script>
		</binding>
	</action>
</animation>
<animation>
	<type>pick</type>
	<object-name>ndScreenL</object-name>
	<action>
		<button>0</button>
		<repeatable>false</repeatable>
		<binding>
			<command>nasal</command>
			<script>Boeing747.showNd();</script>
		</binding>
	</action>
</animation>
<animation>
	<type>pick</type>
	<object-name>ndScreenR</object-name>
	<action>
		<button>0</button>
		<repeatable>false</repeatable>
		<binding>
			<command>nasal</command>
			<script>Boeing747.showNd('fo');</script>
		</binding>
	</action>
</animation>

<animation>
	<type>material</type>
	<object-name>lettering</object-name>
	<emission>
		<red>1.0</red>
		<green>0.85</green>
		<blue>1.0</blue>
		<factor-prop>controls/lighting/panel-norm</factor-prop>
	</emission>
</animation>

<animation>
	<type>rotate</type>
	<object-name>dis.vertspd.1</object-name>
	<property>autopilot/settings/vertical-speed-fpm</property>
	<interpolation>
		<entry><ind>-1000</ind><dep>-33</dep></entry>
		<entry><ind>-1</ind><dep>-33</dep></entry>
		<entry><ind>0</ind><dep>0</dep></entry>
		<entry><ind>1</ind><dep>0</dep></entry>
	</interpolation>
	<center>
		<x-m> 0.302</x-m>
		<y-m>-0.055</y-m>
		<z-m> 0.398</z-m>
	</center>
	<axis>
		<y>1</y>
	</axis>
</animation>

<animation>
	<type>textranslate</type>
	<object-name>dis.vertspd.2</object-name>
	<property>autopilot/settings/vertical-speed-fpm</property>
	<factor>0.0001</factor>
	<step>1000</step>
	<axis>
		<x>0</x>
		<y>1</y>
		<z>0</z>
	</axis>
</animation>

<animation>
	<type>textranslate</type>
	<object-name>dis.vertspd.3</object-name>
	<property>autopilot/settings/vertical-speed-fpm</property>
	<factor>0.001</factor>
	<step>100</step>
	<axis>
		<x>0</x>
		<y>1</y>
		<z>0</z>
	</axis>
</animation>

<animation>
	<type>textranslate</type>
	<object-name>dis.vertspd.4</object-name>
	<property>autopilot/settings/vertical-speed-fpm</property>
	<factor>0.01</factor>
	<step>10</step>
	<axis>
		<x>0</x>
		<y>1</y>
		<z>0</z>
	</axis>
</animation>

<animation>
	<type>textranslate</type>
	<object-name>dis.vertspd.5</object-name>
	<property>autopilot/settings/vertical-speed-fpm</property>
	<factor>0.1</factor>
	<step>1</step>
	<axis>
		<x>0</x>
		<y>1</y>
		<z>0</z>
	</axis>
</animation>

<animation>
	<type>knob</type>
	<object-name>cpt.panel.light</object-name>
	<property>/controls/lighting/panel-norm</property>
	<action>
		<repeatable>true</repeatable>  
		<binding>
			<command>property-adjust</command>
			<property>/controls/lighting/panel-norm</property>
			<step>0.05</step>
			<min>0</min>
			<max>1</max>
		</binding>
	</action>
</animation>

<animation>
	<type>knob</type>
	<object-name>gear.lever</object-name>
	<property>/controls/gear/gear-down</property>
	<interpolation>
		<entry><ind>0</ind><dep>-35</dep></entry>
		<entry><ind>1</ind><dep> 35</dep></entry>
	</interpolation>
	<increase> 
		<binding>
			<command>nasal</command>
			<script>controls.gearDown(1)</script>
		</binding>
	</increase>
	<decrease> 
		<binding>
			<command>nasal</command>
			<script>controls.gearDown(0)</script>
		</binding>
	</decrease>
	<center>
		<x-m>-0.095</x-m><y-m> 0.131</y-m><z-m> 0.179</z-m>
	</center>
	<axis>
		<y>1</y>
	</axis>
</animation>

<animation>
	<type>select</type>
	<object-name>lt.althold</object-name>
	<condition>
		<equals>
			<property>/autopilot/locks/altitude</property>
			<value>altitude-hold</value>
		</equals>
	</condition>
</animation>

<animation>
	<type>pick</type>
	<object-name>btn.althold</object-name>
	<action>            
		<button>0</button>            
		<repeatable>false</repeatable>
		<binding>
			<command>property-cycle</command>
			<property>/autopilot/locks/altitude</property>
			<value type="string">altitude-hold</value>
			<value type="string"></value>
		</binding>
	</action>
</animation>

<animation>
	<type>knob</type>
	<object-name>btn.banklimit</object-name>
	<action> 
		<binding>
			<command>property-adjust</command>
			<property>/autopilot/settings/bank-limit</property>
			<factor>5</factor>
			<min>0</min>
			<max>30</max>
		</binding>
	</action>
</animation>

<animation>
	<type>select</type>
	<object-name>lt.flch</object-name>
	<condition>
		<equals>
			<property>/autopilot/locks/speed</property>
			<value>speed-with-pitch-trim</value>
		</equals>
	</condition>
</animation>

<animation>
	<type>pick</type>
	<object-name>btn.flch</object-name>
	<action>
		<button>0</button>
		<repeatable>false</repeatable>  
		<binding>
			<command>property-toggle</command>
			<property>sim/gui/dialogs/autopilot/speed-with-pitch-trim</property>
		</binding>
	</action>
</animation>

<animation>
     <type>select</type>
     <object-name>lt.hdghold</object-name>
     <condition>
		<equals>
			<property>/autopilot/locks/heading</property>
			<value>wing-leveler</value>
		</equals>
     </condition>
</animation>

<animation>
	<type>pick</type>
	<object-name>btn.hdghold</object-name>
	<action>
		<button>0</button>
		<repeatable>false</repeatable>  
 		<binding>
			<command>property-cycle</command>
			<property>/autopilot/locks/heading/</property>
			<value type="string">wing-leveler</value>
			<value type="string"></value>
 		</binding>
 	</action>
</animation>

 <animation>
	<type>pick</type>
	<object-name>btn.hdgsel</object-name>
	<action>
		<button>0</button>
		<repeatable>false</repeatable>  
		<binding>
			<command>property-cycle</command>
			<property>/autopilot/locks/heading</property>
			<value type="string">dg-heading-hold</value>
			<value type="string"></value>
		</binding>
	</action>
</animation>

<animation>
	<type>knob</type>
	<object-name>btn.hdgselector</object-name>
	<action> 
		<binding>
			<command>property-adjust</command>
			<property>/autopilot/settings/heading-bug-deg</property>
			<factor>1</factor>
			<min>000</min>
			<max>360</max>
			<wrap>true</wrap>
		</binding>
	</action>
</animation>

<animation>
	<type>textranslate</type>
	<object-name>dis.hdg.1</object-name>
	<property>autopilot/settings/heading-bug-deg</property>
	<factor>0.001</factor>
	<step>100</step>
	<axis>
		<x>0</x>
		<y>1</y>
		<z>0</z>
	</axis>
</animation>

<animation>
	<type>textranslate</type>
	<object-name>dis.hdg.2</object-name>
	<property>autopilot/settings/heading-bug-deg</property>
	<factor>0.01</factor>
	<step>10</step>
	<axis>
		<x>0</x>
		<y>1</y>
		<z>0</z>
	</axis>
</animation>

<animation>
	<type>textranslate</type>
	<object-name>dis.hdg.3</object-name>
	<property>autopilot/settings/heading-bug-deg</property>
	<factor>0.1</factor>
	<step>1</step>
	<axis>
		<x>0</x>
		<y>1</y>
		<z>0</z>
	</axis>
</animation>

<animation>
     <type>select</type>
     <object-name>lt.lnav</object-name>
     <condition>
		<equals>
			<property>/autopilot/locks/heading</property>
			<value>nav1-hold</value>
		</equals>
	</condition>
</animation>

<animation>
	<type>pick</type>
	<object-name>btn.lnav</object-name>
	<action>
		<button>0</button>
		<repeatable>false</repeatable>  
		<binding>
			<command>property-cycle</command>
			<property>/autopilot/locks/heading</property>
			<value type="string">nav1-hold</value>
			<value type="string"></value>
		</binding>
	</action>
</animation>

<animation>
	<type>select</type>
	<object-name>lt.spd</object-name>
	<condition>
		<equals>
			<property>/autopilot/locks/speed</property>
			<value>speed-with-throttle</value>
		</equals>
	</condition>
</animation>

<animation>
	<type>pick</type>
	<object-name>btn.spd</object-name>
	<action>
		<button>0</button>
		<repeatable>false</repeatable>  
		<binding>
			<command>property-cycle</command>
			<property>/autopilot/locks/speed</property>
			<value type="string">speed-with-throttle</value>
			<value type="string"></value>
		</binding>
	</action>
</animation>

<animation>
	<type>pick</type>
	<object-name>btn.spd.sel</object-name>
	<action>
		<button>0</button>
		<repeatable>false</repeatable>  
		<binding>
			<command>property-cycle</command>
			<property>/autopilot/settings/speed-select</property>
			<value type="string">mach</value>
			<value type="string"></value>
		</binding>
	</action>
</animation>

<animation>
	<type>knob</type>
	<object-name>btn.speed</object-name>
	<action> 
		<repeatable>true</repeatable>
		<binding>
			<condition>
				<not>
					<equals>
						<property>/autopilot/settings/speed-select</property>
						<value>mach</value>
					</equals>
				</not>
			</condition>
			<command>property-adjust</command>
			<property>/autopilot/settings/target-speed-kt</property>
			<factor>1</factor>
			<min>100</min>
			<max>399</max>
		</binding>
		<binding>
			<condition>
				<equals>
					<property>/autopilot/settings/speed-select</property>
					<value>mach</value>
				</equals>
			</condition>
			<command>property-adjust</command>
			<property>/autopilot/settings/target-speed-mach</property>
			<factor>0.01</factor>
			<min>0.40</min>
			<max>0.95</max>
		</binding>
	</action>
</animation>

<animation>
	<type>textranslate</type>
	<object-name>dis.spd.1</object-name>
	<property>autopilot/settings/target-speed-kt</property>
	<factor>0.001</factor>
	<step>100</step>
	<condition>
		<not>
			<equals>
				<property>/autopilot/settings/speed-select</property>
				<value>mach</value>
			</equals>
		</not>
	</condition>
	<axis>
		<x>0</x>
		<y>1</y>
		<z>0</z>
	</axis>
</animation>

<animation>
	<type>textranslate</type>
	<object-name>dis.spd.2</object-name>
	<property>autopilot/settings/target-speed-kt</property>
	<factor>0.01</factor>
	<step>10</step>
	<condition>
		<not>
			<equals>
				<property>/autopilot/settings/speed-select</property>
				<value>mach</value>
			</equals>
		</not>
	</condition>
	<axis>
		<x>0</x>
		<y>1</y>
		<z>0</z>
	</axis>
</animation>

<animation>
	<type>textranslate</type>
	<object-name>dis.spd.3</object-name>
	<property>autopilot/settings/target-speed-kt</property>
	<factor>0.1</factor>
	<step>1</step>
	<condition>
		<not>
			<equals>
				<property>/autopilot/settings/speed-select</property>
				<value>mach</value>
			</equals>
		</not>
	</condition>
	<axis>
		<x>0</x>
		<y>1</y>
		<z>0</z>
	</axis>
</animation>

<animation>
	<type>select</type>
	<object-name>lt.thr</object-name>
	<condition>
		<equals>
			<property>/autopilot/locks/speed</property>
			<value>speed-with-pitch-trim</value>
		</equals>
	</condition>
</animation>

<animation>
	<type>pick</type>
	<object-name>btn.thr</object-name>
	<action>
		<button>0</button>
		<repeatable>false</repeatable>  
		<binding>
			<command>property-cycle</command>
			<property>/autopilot/locks/speed</property>
			<value type="string">speed-with-pitch-trim</value>
			<value type="string"></value>
		</binding>
	</action>
</animation>

<animation>
     <type>select</type>
     <object-name>lt.vnav</object-name>
     <condition>
		<equals>
			<property>/autopilot/locks/altitude</property>
			<value>gs1-hold</value>
		</equals>
	</condition>
</animation>

<animation>
	<type>pick</type>
	<object-name>btn.vnav</object-name>
	<action>
		<button>0</button>
		<repeatable>false</repeatable>  
		<binding>
			<command>property-cycle</command>
			<property>/autopilot/locks/altitude</property>
			<value type="string">gs1-hold</value>
			<value type="string"></value>
		</binding>
	</action>
</animation>

<animation>
	<type>select</type>
	<object-name>lt.vs</object-name>
	<condition>
		<equals>
			<property>/autopilot/locks/altitude</property>
			<value>vertical-speed-hold</value>
		</equals>
	</condition>
</animation>

<animation>
	<type>pick</type>
	<object-name>btn.vs</object-name>
	<action>            
		<button>0</button>            
		<repeatable>false</repeatable>
		<binding>
			<command>property-cycle</command>
			<property>/autopilot/locks/altitude</property>
			<value type="string">vertical-speed-hold</value>
			<value type="string"></value>
		</binding>
	</action>
</animation>

<animation>
	<type>knob</type>
	<object-name>btn.vs.dn</object-name>
	<object-name>btn.vs.up</object-name>
	<drag-direction>vertical</drag-direction>
	<action>
		<repeatable>true</repeatable>
		<binding>
			<command>property-adjust</command>
			<property>/autopilot/settings/vertical-speed-fpm</property>
			<factor>100</factor>
			<min>-8000</min>
			<max>6000</max>
		</binding>
	</action>
</animation>

<animation>
	<type>knob</type>
	<object-name>btn.alt</object-name>
	<action>
		<repeatable>true</repeatable>
		<binding>
			<command>property-adjust</command>
			<property>/autopilot/settings/target-altitude-ft</property>
			<factor>100</factor>
			<min>0</min>
			<max>50000</max>
		</binding>
	</action>
</animation>

<animation>
	<type>textranslate</type>
	<object-name>dis.alt.1</object-name>
	<property>autopilot/settings/target-altitude-ft</property>
	<factor>0.00001</factor>
	<step>10000</step>
	<axis>
		<x>0</x>
		<y>1</y>
		<z>0</z>
	</axis>
</animation>

<animation>
	<type>textranslate</type>
	<object-name>dis.alt.2</object-name>
	<property>autopilot/settings/target-altitude-ft</property>
	<factor>0.0001</factor>
	<step>1000</step>
	<axis>
		<x>0</x>
		<y>1</y>
		<z>0</z>
	</axis>
</animation>

<animation>
	<type>textranslate</type>
	<object-name>dis.alt.3</object-name>
	<property>autopilot/settings/target-altitude-ft</property>
	<factor>0.001</factor>
	<step>100</step>
	<axis>
		<x>0</x>
		<y>1</y>
		<z>0</z>
	</axis>
</animation>

<animation>
	<type>pick</type>
	<object-name>btn.loc</object-name>
	<action>
		<button>0</button>
		<repeatable>false</repeatable>  
		<binding>
			<command>property-assign</command>
			<property>/autopilot/locks/heading</property>
			<value>nav1-hold</value>
		</binding>
	</action>
</animation>

<animation>
	<type>select</type>
	<object-name>lt.loc</object-name>
	<condition>
		<equals>
			<property>/autopilot/locks/heading</property>
			<value>nav1-hold</value>
		</equals>
	</condition>
</animation>

<animation>
	<type>pick</type>
	<object-name>btn.app</object-name>
	<action>
		<button>0</button>
		<repeatable>false</repeatable>  
		<binding>
			<command>property-assign</command>
			<property>/autopilot/locks/heading</property>
			<value>nav1-hold</value>
		</binding>
		<binding>
			<command>property-assign</command>
			<property>/autopilot/locks/altitude</property>
			<value>gs1-hold</value>
		</binding>
	</action>
</animation>

<animation>
	<type>select</type>
	<object-name>lt.app</object-name>
	<condition>
		<and>
			<equals>
				<property>/autopilot/locks/heading</property>
				<value>nav1-hold</value>
			</equals>
			<equals>
				<property>/autopilot/locks/altitude</property>
				<value>gs1-hold</value>
			</equals>
		</and>
	</condition>
</animation>

<animation>
	<type>pick</type>
	<object-name>btn.ap.disengage</object-name>
	<action>
		<button>0</button>
		<repeatable>false</repeatable>  
		<binding>
			<command>property-toggle</command>
			<property>/autopilot/settings/disengaged</property>
		</binding>
		<binding>
			<command>nasal</command>
			<script>
				setprop("/autopilot/locks/passive-mode", 0);
				setprop("/autopilot/locks/heading", "");
				setprop("/autopilot/locks/altitude", "");
				setprop("/autopilot/locks/roc-lock", "");
				setprop("/autopilot/locks/speed", "");
			</script>
		</binding>
	</action>
</animation>

<animation>
	<type>translate</type>
	<object-name>btn.ap.disengage</object-name>
	<property>/autopilot/settings/disengaged</property>
	<factor>0.012</factor>
	<axis>
		<z>-1</z>
	</axis>
</animation>

<animation>
	<type>pick</type>
	<object-name>btn.cmd.l</object-name>
	<object-name>btn.cmd.c</object-name>
	<object-name>btn.cmd.r</object-name>
	<action>
		<button>0</button>
		<repeatable>false</repeatable>
		<binding>
			<condition>
				<not>
					<property>/autopilot/settings/disengaged</property>
				</not>
			</condition>
			<command>property-assign</command>
			<property>sim/gui/dialogs/autopilot/altitude-active</property>
			<value>true</value>
		</binding>
		<binding>
			<condition>
				<not>
					<property>/autopilot/settings/disengaged</property>
				</not>
			</condition>
			<command>property-assign</command>
			<property>sim/gui/dialogs/autopilot/heading-active</property>
			<value>true</value>
		</binding>
		<binding>
			<condition>
				<not>
					<property>/autopilot/settings/disengaged</property>
				</not>
			</condition>
			<command>property-assign</command>
			<property>sim/gui/dialogs/autopilot/speed-active</property>
			<value>true</value>
		</binding>
	</action>
</animation>

<!-- EFIS PANELS -->

<animation>
	<type>knob</type>
	<object-name>btn.nd.mode.L</object-name>
	<action>
		<binding>
			<command>property-cycle</command>
			<property>instrumentation/efis/mfd/display-mode</property>
			<wrap>false</wrap>
			<value type="string">APP</value>
			<value type="string">VOR</value>
			<value type="string">MAP</value>
			<value type="string">PLAN</value>
		</binding>
	</action>
	<hovered>
		<binding>
			<command>set-tooltip</command>
			<label>Mode: %s</label>
			<tooltip-id>ndMode</tooltip-id>
			<property>instrumentation/efis/mfd/display-mode</property>
		</binding>
	</hovered>
</animation>

<animation>
	<type>knob</type>
	<object-name>btn.nd.range.L</object-name>
	<action>
		<binding>
			<command>property-cycle</command>
			<property>instrumentation/efis/inputs/range-nm</property>
			<wrap>false</wrap>
			<value type="int">10</value>
			<value type="int">20</value>
			<value type="int">40</value>
			<value type="int">80</value>
			<value type="int">160</value>
			<value type="int">320</value>
			<value type="int">640</value>
		</binding>
	</action>
	<hovered>
		<binding>
			<command>set-tooltip</command>
			<label>Range: %3d NM</label>
			<tooltip-id>ndRange</tooltip-id>
			<property>instrumentation/efis/inputs/range-nm</property>
		</binding>
	</hovered>
</animation>

<animation>
	<type>knob</type>
	<object-name>btn.wxr.L</object-name>
	<action>
		<binding>
			<command>property-toggle</command>
			<property>instrumentation/efis/inputs/wxr</property>
		</binding>
	</action>
	<hovered>
		<binding>
			<command>set-tooltip</command>
			<label>WXR: %s</label>
			<tooltip-id>wxr</tooltip-id>
			<mapping>on-off</mapping>
			<property>instrumentation/efis/inputs/wxr</property>
		</binding>
	</hovered>
</animation>
<animation>
	<type>knob</type>
	<object-name>btn.sta.L</object-name>
	<action>
		<binding>
			<command>property-toggle</command>
			<property>instrumentation/efis/inputs/sta</property>
		</binding>
	</action>
	<hovered>
		<binding>
			<command>set-tooltip</command>
			<label>STA: %s</label>
			<tooltip-id>sta</tooltip-id>
			<mapping>on-off</mapping>
			<property>instrumentation/efis/inputs/sta</property>
		</binding>
	</hovered>
</animation>
<animation>
	<type>knob</type>
	<object-name>btn.wpt.L</object-name>
	<action>
		<binding>
			<command>property-toggle</command>
			<property>instrumentation/efis/inputs/wpt</property>
		</binding>
	</action>
	<hovered>
		<binding>
			<command>set-tooltip</command>
			<label>WPT: %s</label>
			<tooltip-id>wpt</tooltip-id>
			<mapping>on-off</mapping>
			<property>instrumentation/efis/inputs/wpt</property>
		</binding>
	</hovered>
</animation>
<animation>
	<type>knob</type>
	<object-name>btn.arpt.L</object-name>
	<action>
		<binding>
			<command>property-toggle</command>
			<property>instrumentation/efis/inputs/arpt</property>
		</binding>
	</action>
	<hovered>
		<binding>
			<command>set-tooltip</command>
			<label>ARPT: %s</label>
			<tooltip-id>arpt</tooltip-id>
			<mapping>on-off</mapping>
			<property>instrumentation/efis/inputs/arpt</property>
		</binding>
	</hovered>
</animation>
<animation>
	<type>knob</type>
	<object-name>btn.data.L</object-name>
	<action>
		<binding>
			<command>property-toggle</command>
			<property>instrumentation/efis/inputs/data</property>
		</binding>
	</action>
	<hovered>
		<binding>
			<command>set-tooltip</command>
			<label>DATA: %s</label>
			<tooltip-id>data</tooltip-id>
			<mapping>on-off</mapping>
			<property>instrumentation/efis/inputs/data</property>
		</binding>
	</hovered>
</animation>
<animation>
	<type>knob</type>
	<object-name>btn.pos.L</object-name>
	<action>
		<binding>
			<command>property-toggle</command>
			<property>instrumentation/efis/inputs/pos</property>
		</binding>
	</action>
	<hovered>
		<binding>
			<command>set-tooltip</command>
			<label>POS: %s</label>
			<tooltip-id>pos</tooltip-id>
			<mapping>on-off</mapping>
			<property>instrumentation/efis/inputs/pos</property>
		</binding>
	</hovered>
</animation>

<animation>
	<type>knob</type>
	<object-name>btn.nd.mode.R</object-name>
	<action>
		<binding>
			<command>property-cycle</command>
			<property>instrumentation/efis[1]/mfd/display-mode</property>
			<wrap>false</wrap>
			<value type="string">APP</value>
			<value type="string">VOR</value>
			<value type="string">MAP</value>
			<value type="string">PLAN</value>
		</binding>
	</action>
	<hovered>
		<binding>
			<command>set-tooltip</command>
			<label>Mode: %s</label>
			<tooltip-id>ndMode</tooltip-id>
			<property>instrumentation/efis[1]/mfd/display-mode</property>
		</binding>
	</hovered>
</animation>

<animation>
	<type>knob</type>
	<object-name>btn.nd.range.R</object-name>
	<action>
		<binding>
			<command>property-cycle</command>
			<property>instrumentation/efis[1]/inputs/range-nm</property>
			<wrap>false</wrap>
			<value type="int">10</value>
			<value type="int">20</value>
			<value type="int">40</value>
			<value type="int">80</value>
			<value type="int">160</value>
			<value type="int">320</value>
			<value type="int">640</value>
		</binding>
	</action>
	<hovered>
		<binding>
			<command>set-tooltip</command>
			<label>Range: %3d NM</label>
			<tooltip-id>ndRange</tooltip-id>
			<property>instrumentation/efis[1]/inputs/range-nm</property>
		</binding>
	</hovered>
</animation>

<animation>
	<type>knob</type>
	<object-name>btn.wxr.R</object-name>
	<action>
		<binding>
			<command>property-toggle</command>
			<property>instrumentation/efis[1]/inputs/wxr</property>
		</binding>
	</action>
	<hovered>
		<binding>
			<command>set-tooltip</command>
			<label>WXR: %s</label>
			<tooltip-id>wxr</tooltip-id>
			<mapping>on-off</mapping>
			<property>instrumentation/efis[1]/inputs/wxr</property>
		</binding>
	</hovered>
</animation>
<animation>
	<type>knob</type>
	<object-name>btn.sta.R</object-name>
	<action>
		<binding>
			<command>property-toggle</command>
			<property>instrumentation/efis[1]/inputs/sta</property>
		</binding>
	</action>
	<hovered>
		<binding>
			<command>set-tooltip</command>
			<label>STA: %s</label>
			<tooltip-id>sta</tooltip-id>
			<mapping>on-off</mapping>
			<property>instrumentation/efis[1]/inputs/sta</property>
		</binding>
	</hovered>
</animation>
<animation>
	<type>knob</type>
	<object-name>btn.wpt.R</object-name>
	<action>
		<binding>
			<command>property-toggle</command>
			<property>instrumentation/efis[1]/inputs/wpt</property>
		</binding>
	</action>
	<hovered>
		<binding>
			<command>set-tooltip</command>
			<label>WPT: %s</label>
			<tooltip-id>wpt</tooltip-id>
			<mapping>on-off</mapping>
			<property>instrumentation/efis[1]/inputs/wpt</property>
		</binding>
	</hovered>
</animation>
<animation>
	<type>knob</type>
	<object-name>btn.arpt.R</object-name>
	<action>
		<binding>
			<command>property-toggle</command>
			<property>instrumentation/efis[1]/inputs/arpt</property>
		</binding>
	</action>
	<hovered>
		<binding>
			<command>set-tooltip</command>
			<label>ARPT: %s</label>
			<tooltip-id>arpt</tooltip-id>
			<mapping>on-off</mapping>
			<property>instrumentation/efis[1]/inputs/arpt</property>
		</binding>
	</hovered>
</animation>
<animation>
	<type>knob</type>
	<object-name>btn.data.R</object-name>
	<action>
		<binding>
			<command>property-toggle</command>
			<property>instrumentation/efis[1]/inputs/data</property>
		</binding>
	</action>
	<hovered>
		<binding>
			<command>set-tooltip</command>
			<label>DATA: %s</label>
			<tooltip-id>data</tooltip-id>
			<mapping>on-off</mapping>
			<property>instrumentation/efis[1]/inputs/data</property>
		</binding>
	</hovered>
</animation>
<animation>
	<type>knob</type>
	<object-name>btn.pos.R</object-name>
	<action>
		<binding>
			<command>property-toggle</command>
			<property>instrumentation/efis[1]/inputs/pos</property>
		</binding>
	</action>
	<hovered>
		<binding>
			<command>set-tooltip</command>
			<label>POS: %s</label>
			<tooltip-id>pos</tooltip-id>
			<mapping>on-off</mapping>
			<property>instrumentation/efis[1]/inputs/pos</property>
		</binding>
	</hovered>
</animation>

<!-- EICAS PANEL -->

<animation>
	<type>pick</type>
	<object-name>btn.eicas.eng</object-name>
	<action>
		<button>0</button>
		<repeatable>false</repeatable>  
		<binding>
			<command>property-assign</command>
			<property>/instrumentation/eicas/display</property>
			<value type="string">ENG</value>
		</binding>
	</action>
</animation>
<animation>
	<type>pick</type>
	<object-name>btn.eicas.stat</object-name>
	<action>
		<button>0</button>
		<repeatable>false</repeatable>  
		<binding>
			<command>property-assign</command>
			<property>/instrumentation/eicas/display</property>
			<value type="string">STAT</value>
		</binding>
	</action>
</animation>
<animation>
	<type>pick</type>
	<object-name>btn.eicas.elec</object-name>
	<action>
		<button>0</button>
		<repeatable>false</repeatable>  
		<binding>
			<command>property-assign</command>
			<property>/instrumentation/eicas/display</property>
			<value type="string">ELEC</value>
		</binding>
	</action>
</animation>
<animation>
	<type>pick</type>
	<object-name>btn.eicas.fuel</object-name>
	<action>
		<button>0</button>
		<repeatable>false</repeatable>  
		<binding>
			<command>property-assign</command>
			<property>/instrumentation/eicas/display</property>
			<value type="string">FUEL</value>
		</binding>
	</action>
</animation>
<animation>
	<type>pick</type>
	<object-name>btn.eicas.ecs</object-name>
	<action>
		<button>0</button>
		<repeatable>false</repeatable>  
		<binding>
			<command>property-assign</command>
			<property>/instrumentation/eicas/display</property>
			<value type="string">ECS</value>
		</binding>
	</action>
</animation>
<animation>
	<type>pick</type>
	<object-name>btn.eicas.hyd</object-name>
	<action>
		<button>0</button>
		<repeatable>false</repeatable>  
		<binding>
			<command>property-assign</command>
			<property>/instrumentation/eicas/display</property>
			<value type="string">HYD</value>
		</binding>
	</action>
</animation>
<animation>
	<type>pick</type>
	<object-name>btn.eicas.drs</object-name>
	<action>
		<button>0</button>
		<repeatable>false</repeatable>  
		<binding>
			<command>property-assign</command>
			<property>/instrumentation/eicas/display</property>
			<value type="string">DRS</value>
		</binding>
	</action>
</animation>
<animation>
	<type>pick</type>
	<object-name>btn.eicas.gear</object-name>
	<action>
		<button>0</button>
		<repeatable>false</repeatable>  
		<binding>
			<command>property-assign</command>
			<property>/instrumentation/eicas/display</property>
			<value type="string">GEAR</value>
		</binding>
	</action>
</animation>

</PropertyList>