<PropertyList>

<path>overhead.ac</path>

<effect>
	<inherits-from>Effects/lightmap</inherits-from>
	<parameters>
		<texture n="1">
			<image>Aircraft/747-400/Models/Cockpit/overhead_lit.png</image>
		</texture>
		<factor><use>/controls/lighting/panel-overhead-norm</use></factor>
	</parameters>
	<object-name>apu</object-name>
	<object-name>equip.cooling</object-name>
	<object-name>ohpanel</object-name>
	<object-name>pack.1</object-name>
	<object-name>pack.2</object-name>
	<object-name>pack.3</object-name>
	<object-name>wiper.l</object-name>
	<object-name>wiper.r</object-name>
</effect>

<!-- Electrical -->

<animation>
	<type>knob</type>
	<object-name>stbypwr</object-name>
	<property>/controls/electric/standby-power</property>
	<factor>-45</factor>
	<action>
		<binding>
			<command>property-adjust</command>
			<property>/controls/electric/standby-power</property>
			<min>0</min>
			<max>2</max>
		</binding>
	</action>
	<center>
		<x-m>-0.057</x-m><y-m>-0.332</y-m>
	</center>
	<axis>
		<z>1</z>
	</axis>
</animation>

<animation>
	<type>knob</type>
	<object-name>apu</object-name>
	<property>/controls/electric/apu</property>
	<factor>-45</factor>
	<increase>
		<binding>
			<command>nasal</command>
			<script>electrical.turn_apu_sw(1)</script>
		</binding>
	</increase>
	<decrease>
		<binding>
			<command>nasal</command>
			<script>electrical.turn_apu_sw(-1)</script>
		</binding>
	</decrease>
	<center>
		<x-m>-0.057</x-m><y-m>-0.190</y-m>
	</center>
	<axis>
		<z>1</z>
	</axis>
</animation>

<!-- U T I L -->
<animation>
	<type>pick</type>
	<object-name>utility.l.l</object-name>
	<object-name>utility.l.u</object-name>
	<action>
		<button>0</button>
		<repeatable>false</repeatable>	
		<binding>
			<command>nasal</command>
			<script>electrical.push_utility(0)</script>
		</binding>
	</action>
</animation>
<animation>
	<type>textranslate</type>
	<object-name>utility.l.l</object-name>
	<property>/systems/electrical/utility-off[0]</property>
	<factor>0.0537</factor>
	<axis>
		<x>1</x>
	</axis>
</animation>
<animation>
	<type>textranslate</type>
	<object-name>utility.l.u</object-name>
	<property>/controls/electric/utility[0]</property>
	<factor>0.0537</factor>
	<axis>
		<x>1</x>
	</axis>
</animation>
<animation>
	<type>translate</type>
	<object-name>utility.l.l</object-name>
	<object-name>utility.l.u</object-name>
	<property>/controls/electric/utility[0]</property>
	<factor>0.0025</factor>
	<axis>
		<z>-1</z>
	</axis>
</animation>

<animation>
	<type>pick</type>
	<object-name>utility.r.l</object-name>
	<object-name>utility.r.u</object-name>
	<action>
		<button>0</button>
		<repeatable>false</repeatable>	
		<binding>
			<command>nasal</command>
			<script>electrical.push_utility(1)</script>
		</binding>
	</action>
</animation>
<animation>
	<type>textranslate</type>
	<object-name>utility.r.l</object-name>
	<property>/systems/electrical/utility-off[1]</property>
	<factor>0.0537</factor>
	<axis>
		<x>1</x>
	</axis>
</animation>
<animation>
	<type>textranslate</type>
	<object-name>utility.r.u</object-name>
	<property>/controls/electric/utility[1]</property>
	<factor>0.0537</factor>
	<axis>
		<x>1</x>
	</axis>
</animation>
<animation>
	<type>translate</type>
	<object-name>utility.r.l</object-name>
	<object-name>utility.r.u</object-name>
	<property>/controls/electric/utility[1]</property>
	<factor>0.0025</factor>
	<axis>
		<z>-1</z>
	</axis>
</animation>

<animation>
	<type>pick</type>
	<object-name>ext.pwr.1.l</object-name>
	<object-name>ext.pwr.1.r</object-name>
	<action>
		<button>0</button>
		<repeatable>false</repeatable>	
		<binding>
			<command>nasal</command>
			<script>electrical.push_ext_apu('ext', 0)</script>
		</binding>
	</action>
</animation>
<animation>
	<type>textranslate</type>
	<object-name>ext.pwr.1.l</object-name>
	<object-name>ext.pwr.1.r</object-name>
	<property>/systems/electrical/external-power[0]</property>
	<factor>0.0537</factor>
	<axis>
		<y>-1</y>
	</axis>
</animation>
<animation>
	<type>translate</type>
	<object-name>ext.pwr.1.l</object-name>
	<object-name>ext.pwr.1.r</object-name>
	<property>/systems/electrical/external-power[0]</property>
	<interpolation>
		<entry>
			<ind> 0</ind>
			<dep> 0.0</dep>
		</entry>
		<entry>
			<ind> 1</ind>
			<dep> 0.0</dep>
		</entry>
		<entry>
			<ind> 2</ind>
			<dep> 0.0025</dep>
		</entry>
	</interpolation>
	<axis>
		<z>-1</z>
	</axis>
</animation>

<animation>
	<type>pick</type>
	<object-name>ext.pwr.2.l</object-name>
	<object-name>ext.pwr.2.r</object-name>
	<action>
		<button>0</button>
		<repeatable>false</repeatable>	
		<binding>
			<command>nasal</command>
			<script>electrical.push_ext_apu('ext', 1)</script>
		</binding>
	</action>
</animation>
<animation>
	<type>textranslate</type>
	<object-name>ext.pwr.2.l</object-name>
	<object-name>ext.pwr.2.r</object-name>
	<property>/systems/electrical/external-power[1]</property>
	<factor>0.0537</factor>
	<axis>
		<y>-1</y>
	</axis>
</animation>
<animation>
	<type>translate</type>
	<object-name>ext.pwr.2.l</object-name>
	<object-name>ext.pwr.2.r</object-name>
	<property>/systems/electrical/external-power[1]</property>
	<interpolation>
		<entry>
			<ind> 0.0</ind>
			<dep> 0.0</dep>
		</entry>
		<entry>
			<ind> 1</ind>
			<dep> 0.0</dep>
		</entry>
		<entry>
			<ind> 2</ind>
			<dep> 0.0025</dep>
		</entry>
	</interpolation>
	<axis>
		<z>-1</z>
	</axis>
</animation>

<animation>
	<type>pick</type>
	<object-name>elec.apugen.1.l</object-name>
	<object-name>elec.apugen.1.r</object-name>
	<action>
		<button>0</button>
		<repeatable>false</repeatable>	
		<binding>
			<command>nasal</command>
			<script>electrical.push_ext_apu('apu', 0)</script>
		</binding>
	</action>
</animation>
<animation>
	<type>textranslate</type>
	<object-name>elec.apugen.1.l</object-name>
	<object-name>elec.apugen.1.r</object-name>
	<property>/systems/electrical/apu-generator[0]</property>
	<factor>0.05371</factor>
	<axis>
		<y>-1</y>
	</axis>
</animation>
<animation>
	<type>translate</type>
	<object-name>elec.apugen.1.l</object-name>
	<object-name>elec.apugen.1.r</object-name>
	<property>/systems/electrical/apu-generator[0]</property>
	<factor>0.0012</factor>
	<axis>
		<z>-1</z>
	</axis>
</animation>

<animation>
	<type>pick</type>
	<object-name>elec.apugen.2.l</object-name>
	<object-name>elec.apugen.2.r</object-name>
	<action>
		<button>0</button>
		<repeatable>false</repeatable>	
		<binding>
			<command>nasal</command>
			<script>electrical.push_ext_apu('apu', 1)</script>
		</binding>
	</action>
</animation>
<animation>
	<type>textranslate</type>
	<object-name>elec.apugen.2.l</object-name>
	<object-name>elec.apugen.2.r</object-name>
	<property>/systems/electrical/apu-generator[1]</property>
	<factor>0.05371</factor>
	<axis>
		<y>-1</y>
	</axis>
</animation>
<animation>
	<type>translate</type>
	<object-name>elec.apugen.2.l</object-name>
	<object-name>elec.apugen.2.r</object-name>
	<property>/systems/electrical/apu-generator[1]</property>
	<factor>0.0012</factor>
	<axis>
		<z>-1</z>
	</axis>
</animation>

<!-- B A T T -->
<animation>
	<type>pick</type>
	<object-name>battery.u</object-name>
	<object-name>battery.l</object-name>
	<action>
		<button>0</button>
		<repeatable>false</repeatable>	
		<binding>
			<condition>
				<property>/controls/switches/covers/battery-switch</property>
			</condition>
			<command>nasal</command>
			<script>electrical.push_batt_sw()</script>
		</binding>
	</action>
</animation>
<animation>
	<type>pick</type>
	<object-name>battery.cover</object-name>
	<action>
		<button>0</button>
		<binding>
			<condition>
				<less-than>
					<property>/controls/switches/covers/battery-switch</property>
					<value>0.01</value>
				</less-than>
			</condition>
			<command>property-interpolate</command>
			<property>/controls/switches/covers/battery-switch</property>
			<value>1</value>
			<time>0.25</time>
		</binding>
		<binding>
			<condition>
				<greater-than>
					<property>/controls/switches/covers/battery-switch</property>
					<value>0.99</value>
				</greater-than>
			</condition>
			<command>property-interpolate</command>
			<property>/controls/switches/covers/battery-switch</property>
			<value>0</value>
			<time>0.25</time>
		</binding>
	</action>
</animation>
<animation>
	<type>rotate</type>
	<object-name>battery.cover</object-name>
	<property>/controls/switches/covers/battery-switch</property>
	<factor>-90</factor>
	<center>
		<x-m>-0.038</x-m>
		<z-m>-0.013</z-m>
	</center>
	<axis>
		<y>1</y>
	</axis>
</animation>
<animation>
	<type>textranslate</type>
	<object-name>battery.l</object-name>
	<property>/systems/electrical/battery-off</property>
	<factor>0.0536</factor>
	<axis>
		<x>1</x>
	</axis>
</animation>
<animation>
	<type>textranslate</type>
	<object-name>battery.u</object-name>
	<property>/controls/electric/battery</property>
	<factor>0.0536</factor>
	<axis>
		<x>1</x>
	</axis>
</animation>
<animation>
	<type>translate</type>
	<object-name>battery.l</object-name>
	<object-name>battery.u</object-name>
	<property>/controls/electric/battery</property>
	<factor>0.0025</factor>
	<axis>
		<z>-1</z>
	</axis>
</animation>

<animation>
	<type>pick</type>
	<object-name>elec.bus.1.l</object-name>
	<object-name>elec.bus.1.u</object-name>
	<action>
		<button>0</button>
		<repeatable>false</repeatable>	
		<binding>
			<command>nasal</command>
			<script>electrical.push_bus_tie(0)</script>
		</binding>
	</action>
</animation>
<animation>
	<type>textranslate</type>
	<object-name>elec.bus.1.u</object-name>
	<property>/controls/electric/bus-tie[0]</property>
	<factor>0.1608</factor>
	<axis>
		<x>1</x>
	</axis>
</animation>
<animation>
	<type>textranslate</type>
	<object-name>elec.bus.1.l</object-name>
		<property>/systems/electrical/bus-isolation[0]</property>
	<factor>0.2144</factor>
	<axis>
		<x>1</x>
	</axis>
</animation>
<animation>
	<type>translate</type>
	<object-name>elec.bus.1.l</object-name>
	<object-name>elec.bus.1.u</object-name>
	<property>/controls/electric/bus-tie[0]</property>
	<factor>0.003</factor>
	<axis>
		<z>-1</z>
	</axis>
</animation>

<animation>
	<type>pick</type>
	<object-name>elec.bus.2.l</object-name>
	<object-name>elec.bus.2.u</object-name>
	<action>
		<button>0</button>
		<repeatable>false</repeatable>	
		<binding>
			<command>nasal</command>
			<script>electrical.push_bus_tie(1)</script>
		</binding>
	</action>
</animation>
<animation>
	<type>textranslate</type>
	<object-name>elec.bus.2.u</object-name>
	<property>/controls/electric/bus-tie[1]</property>
	<factor>0.1608</factor>
	<axis>
		<x>1</x>
	</axis>
</animation>
<animation>
	<type>textranslate</type>
	<object-name>elec.bus.2.l</object-name>
		<property>/systems/electrical/bus-isolation[1]</property>
	<factor>0.2144</factor>
	<axis>
		<x>1</x>
	</axis>
</animation>
<animation>
	<type>translate</type>
	<object-name>elec.bus.2.l</object-name>
	<object-name>elec.bus.2.u</object-name>
	<property>/controls/electric/bus-tie[1]</property>
	<factor>0.003</factor>
	<axis>
		<z>-1</z>
	</axis>
</animation>

<animation>
	<type>pick</type>
	<object-name>elec.bus.3.l</object-name>
	<object-name>elec.bus.3.u</object-name>
	<action>
		<button>0</button>
		<repeatable>false</repeatable>	
		<binding>
			<command>nasal</command>
			<script>electrical.push_bus_tie(2)</script>
		</binding>
	</action>
</animation>
<animation>
	<type>textranslate</type>
	<object-name>elec.bus.3.u</object-name>
	<property>/controls/electric/bus-tie[2]</property>
	<factor>0.1608</factor>
	<axis>
		<x>1</x>
	</axis>
</animation>
<animation>
	<type>textranslate</type>
	<object-name>elec.bus.3.l</object-name>
		<property>/systems/electrical/bus-isolation[2]</property>
	<factor>0.2144</factor>
	<axis>
		<x>1</x>
	</axis>
</animation>
<animation>
	<type>translate</type>
	<object-name>elec.bus.3.l</object-name>
	<object-name>elec.bus.3.u</object-name>
	<property>/controls/electric/bus-tie[2]</property>
	<factor>0.003</factor>
	<axis>
		<z>-1</z>
	</axis>
</animation>

<animation>
	<type>pick</type>
	<object-name>elec.bus.4.l</object-name>
	<object-name>elec.bus.4.u</object-name>
	<action>
		<button>0</button>
		<repeatable>false</repeatable>	
		<binding>
			<command>nasal</command>
			<script>electrical.push_bus_tie(3)</script>
		</binding>
	</action>
</animation>
<animation>
	<type>textranslate</type>
	<object-name>elec.bus.4.u</object-name>
	<property>/controls/electric/bus-tie[3]</property>
	<factor>0.1608</factor>
	<axis>
		<x>1</x>
	</axis>
</animation>
<animation>
	<type>textranslate</type>
	<object-name>elec.bus.4.l</object-name>
	<property>/systems/electrical/bus-isolation[3]</property>
	<factor>0.2144</factor>
	<axis>
		<x>1</x>
	</axis>
</animation>
<animation>
	<type>translate</type>
	<object-name>elec.bus.4.l</object-name>
	<object-name>elec.bus.4.u</object-name>
	<property>/controls/electric/bus-tie[3]</property>
	<factor>0.003</factor>
	<axis>
		<z>-1</z>
	</axis>
</animation>

<animation>
	<type>pick</type>
	<object-name>elec.drive.1.u</object-name>
	<object-name>elec.drive.1.l</object-name>
	<action>
		<button>0</button>
		<repeatable>false</repeatable>
		<binding>
			<condition>
				<property>/controls/switches/covers/elec-drive[0]</property>
			</condition>
			<command>nasal</command>
			<script>electrical.push_drive_disc(0)</script>
		</binding>
	</action>
</animation>
<animation>
	<type>pick</type>
	<object-name>elec.drive.1.cover</object-name>
	<action>
		<button>0</button>
		<binding>
			<condition>
				<less-than>
					<property>/controls/switches/covers/elec-drive[0]</property>
					<value>0.01</value>
				</less-than>
			</condition>
			<command>property-interpolate</command>
			<property>/controls/switches/covers/elec-drive[0]</property>
			<value>1</value>
			<time>0.25</time>
		</binding>
		<binding>
			<condition>
				<greater-than>
					<property>/controls/switches/covers/elec-drive[0]</property>
					<value>0.99</value>
				</greater-than>
			</condition>
			<command>property-interpolate</command>
			<property>/controls/switches/covers/elec-drive[0]</property>
			<value>0</value>
			<time>0.25</time>
		</binding>
	</action>
</animation>
<animation>
	<type>rotate</type>
	<object-name>elec.drive.1.cover</object-name>
	<property>/controls/switches/covers/elec-drive[0]</property>
	<factor>-90</factor>
	<center>
		<x-m> 0.097</x-m>
		<z-m>-0.013</z-m>
	</center>
	<axis>
		<y>1</y>
	</axis>
</animation>
<animation>
	<type>textranslate</type>
	<object-name>elec.drive.1.u</object-name>
	<factor>0</factor>
	<axis>
		<x>1</x>
	</axis>
</animation>
<animation>
	<type>textranslate</type>
	<object-name>elec.drive.1.l</object-name>
	<property>/systems/electrical/generator-drive[0]</property>
	<factor>0.1072</factor>
	<axis>
		<x>1</x>
	</axis>
</animation>
<animation>
	<type>translate</type>
	<object-name>elec.drive.1.l</object-name>
	<object-name>elec.drive.1.u</object-name>
	<property>/systems/electrical/generator-drive[0]</property>
	<factor>0.003</factor>
	<axis>
		<z>-1</z>
	</axis>
</animation>

<animation>
	<type>pick</type>
	<object-name>elec.drive.2.cover</object-name>
	<action>
		<button>0</button>
		<binding>
			<condition>
				<less-than>
					<property>/controls/switches/covers/elec-drive[1]</property>
					<value>0.01</value>
				</less-than>
			</condition>
			<command>property-interpolate</command>
			<property>/controls/switches/covers/elec-drive[1]</property>
			<value>1</value>
			<time>0.25</time>
		</binding>
		<binding>
			<condition>
				<greater-than>
					<property>/controls/switches/covers/elec-drive[1]</property>
					<value>0.99</value>
				</greater-than>
			</condition>
			<command>property-interpolate</command>
			<property>/controls/switches/covers/elec-drive[1]</property>
			<value>0</value>
			<time>0.25</time>
		</binding>
	</action>
</animation>
<animation>
	<type>rotate</type>
	<object-name>elec.drive.2.cover</object-name>
	<property>/controls/switches/covers/elec-drive[1]</property>
	<factor>-90</factor>
	<center>
		<x-m> 0.097</x-m>
		<z-m>-0.013</z-m>
	</center>
	<axis>
		<y>1</y>
	</axis>
</animation>
<animation>
	<type>pick</type>
	<object-name>elec.drive.2.l</object-name>
	<object-name>elec.drive.2.u</object-name>
	<action>
		<button>0</button>
		<repeatable>false</repeatable>	
		<binding>
			<condition>
				<property>/controls/switches/covers/elec-drive[1]</property>
			</condition>
			<command>nasal</command>
			<script>electrical.push_drive_disc(1)</script>
		</binding>
	</action>
</animation>
<animation>
	<type>textranslate</type>
	<object-name>elec.drive.2.u</object-name>
	<factor>0</factor>
	<axis>
		<x>1</x>
	</axis>
</animation>
<animation>
	<type>textranslate</type>
	<object-name>elec.drive.2.l</object-name>
	<property>/systems/electrical/generator-drive[1]</property>
	<factor>0.1072</factor>
	<axis>
		<x>1</x>
	</axis>
</animation>
<animation>
	<type>translate</type>
	<object-name>elec.drive.2.l</object-name>
	<object-name>elec.drive.2.u</object-name>
	<property>/systems/electrical/generator-drive[1]</property>
	<factor>0.003</factor>
	<axis>
		<z>-1</z>
	</axis>
</animation>

<animation>
	<type>pick</type>
	<object-name>elec.drive.3.cover</object-name>
	<action>
		<button>0</button>
		<binding>
			<condition>
				<less-than>
					<property>/controls/switches/covers/elec-drive[2]</property>
					<value>0.01</value>
				</less-than>
			</condition>
			<command>property-interpolate</command>
			<property>/controls/switches/covers/elec-drive[2]</property>
			<value>1</value>
			<time>0.25</time>
		</binding>
		<binding>
			<condition>
				<greater-than>
					<property>/controls/switches/covers/elec-drive[2]</property>
					<value>0.99</value>
				</greater-than>
			</condition>
			<command>property-interpolate</command>
			<property>/controls/switches/covers/elec-drive[2]</property>
			<value>0</value>
			<time>0.25</time>
		</binding>
	</action>
</animation>
<animation>
	<type>rotate</type>
	<object-name>elec.drive.3.cover</object-name>
	<property>/controls/switches/covers/elec-drive[2]</property>
	<factor>-90</factor>
	<center>
		<x-m> 0.097</x-m>
		<z-m>-0.013</z-m>
	</center>
	<axis>
		<y>1</y>
	</axis>
</animation>
<animation>
	<type>pick</type>
	<object-name>elec.drive.3.l</object-name>
	<object-name>elec.drive.3.u</object-name>
	<action>
		<button>0</button>
		<repeatable>false</repeatable>	
		<binding>
			<condition>
				<property>/controls/switches/covers/elec-drive[2]</property>
			</condition>
			<command>nasal</command>
			<script>electrical.push_drive_disc(2)</script>
		</binding>
	</action>
</animation>
<animation>
	<type>textranslate</type>
	<object-name>elec.drive.3.u</object-name>
	<factor>0</factor>
	<axis>
		<x>1</x>
	</axis>
</animation>
<animation>
	<type>textranslate</type>
	<object-name>elec.drive.3.l</object-name>
	<property>/systems/electrical/generator-drive[2]</property>
	<factor>0.1072</factor>
	<axis>
		<x>1</x>
	</axis>
</animation>
<animation>
	<type>translate</type>
	<object-name>elec.drive.3.l</object-name>
	<object-name>elec.drive.3.u</object-name>
	<property>/systems/electrical/generator-drive[2]</property>
	<factor>0.003</factor>
	<axis>
		<z>-1</z>
	</axis>
</animation>

<animation>
	<type>pick</type>
	<object-name>elec.drive.4.cover</object-name>
	<action>
		<button>0</button>
		<binding>
			<condition>
				<less-than>
					<property>/controls/switches/covers/elec-drive[3]</property>
					<value>0.01</value>
				</less-than>
			</condition>
			<command>property-interpolate</command>
			<property>/controls/switches/covers/elec-drive[3]</property>
			<value>1</value>
			<time>0.25</time>
		</binding>
		<binding>
			<condition>
				<greater-than>
					<property>/controls/switches/covers/elec-drive[3]</property>
					<value>0.99</value>
				</greater-than>
			</condition>
			<command>property-interpolate</command>
			<property>/controls/switches/covers/elec-drive[3]</property>
			<value>0</value>
			<time>0.25</time>
		</binding>
	</action>
</animation>
<animation>
	<type>rotate</type>
	<object-name>elec.drive.4.cover</object-name>
	<property>/controls/switches/covers/elec-drive[3]</property>
	<factor>-90</factor>
	<center>
		<x-m> 0.097</x-m>
		<z-m>-0.013</z-m>
	</center>
	<axis>
		<y>1</y>
	</axis>
</animation>
<animation>
	<type>pick</type>
	<object-name>elec.drive.4.l</object-name>
	<object-name>elec.drive.4.u</object-name>
	<action>
		<button>0</button>
		<repeatable>false</repeatable>	
		<binding>
			<condition>
				<property>/controls/switches/covers/elec-drive[3]</property>
			</condition>
			<command>nasal</command>
			<script>electrical.push_drive_disc(3)</script>
		</binding>
	</action>
</animation>
<animation>
	<type>textranslate</type>
	<object-name>elec.drive.4.u</object-name>
	<factor>0</factor>
	<axis>
		<x>1</x>
	</axis>
</animation>
<animation>
	<type>textranslate</type>
	<object-name>elec.drive.4.l</object-name>
	<property>/systems/electrical/generator-drive[3]</property>
	<factor>0.1072</factor>
	<axis>
		<x>1</x>
	</axis>
</animation>
<animation>
	<type>translate</type>
	<object-name>elec.drive.4.l</object-name>
	<object-name>elec.drive.4.u</object-name>
	<property>/systems/electrical/generator-drive[3]</property>
	<factor>0.003</factor>
	<axis>
		<z>-1</z>
	</axis>
</animation>

<!-- GEN CONT -->
<animation>
	<type>pick</type>
	<object-name>elec.gen.1.u</object-name>
	<object-name>elec.gen.1.l</object-name>
	<action>
		<button>0</button>
		<repeatable>false</repeatable>	
		<binding>
			<command>nasal</command>
			<script>electrical.push_gen_cont(0)</script>
		</binding>
	</action>
</animation>
<animation>
	<type>textranslate</type>
	<object-name>elec.gen.1.l</object-name>
	<property>/systems/electrical/generator-off[0]</property>
	<factor>0.0536</factor>
	<axis>
		<x>1</x>
	</axis>
</animation>
<animation>
	<type>textranslate</type>
	<object-name>elec.gen.1.u</object-name>
	<property>/controls/electric/generator-control[0]</property>
	<factor>0.0536</factor>
	<axis>
		<x>1</x>
	</axis>
</animation>
<animation>
	<type>translate</type>
	<object-name>elec.gen.1.u</object-name>
	<object-name>elec.gen.1.l</object-name>
	<property>/controls/electric/generator-control[0]</property>
	<factor>0.003</factor>
	<axis>
		<z>-1</z>
	</axis>
</animation>

<animation>
	<type>pick</type>
	<object-name>elec.gen.2.u</object-name>
	<object-name>elec.gen.2.l</object-name>
	<action>
		<button>0</button>
		<repeatable>false</repeatable>	
		<binding>
			<command>nasal</command>
			<script>electrical.push_gen_cont(1)</script>
		</binding>
	</action>
</animation>
<animation>
	<type>textranslate</type>
	<object-name>elec.gen.2.l</object-name>
	<property>/systems/electrical/generator-off[1]</property>
	<factor>0.0536</factor>
	<axis>
		<x>1</x>
	</axis>
</animation>
<animation>
	<type>textranslate</type>
	<object-name>elec.gen.2.u</object-name>
	<property>/controls/electric/generator-control[1]</property>
	<factor>0.0536</factor>
	<axis>
		<x>1</x>
	</axis>
</animation>
<animation>
	<type>translate</type>
	<object-name>elec.gen.2.u</object-name>
	<object-name>elec.gen.2.l</object-name>
	<property>/controls/electric/generator-control[1]</property>
	<factor>0.003</factor>
	<axis>
		<z>-1</z>
	</axis>
</animation>

<animation>
	<type>pick</type>
	<object-name>elec.gen.3.u</object-name>
	<object-name>elec.gen.3.l</object-name>
	<action>
		<button>0</button>
		<repeatable>false</repeatable>	
		<binding>
			<command>nasal</command>
			<script>electrical.push_gen_cont(2)</script>
		</binding>
	</action>
</animation>
<animation>
	<type>textranslate</type>
	<object-name>elec.gen.3.l</object-name>
	<property>/systems/electrical/generator-off[2]</property>
	<factor>0.0536</factor>
	<axis>
		<x>1</x>
	</axis>
</animation>
<animation>
	<type>textranslate</type>
	<object-name>elec.gen.3.u</object-name>
	<property>/controls/electric/generator-control[2]</property>
	<factor>0.0536</factor>
	<axis>
		<x>1</x>
	</axis>
</animation>
<animation>
	<type>translate</type>
	<object-name>elec.gen.3.u</object-name>
	<object-name>elec.gen.3.l</object-name>
	<property>/controls/electric/generator-control[2]</property>
	<factor>0.003</factor>
	<axis>
		<z>-1</z>
	</axis>
</animation>

<animation>
	<type>pick</type>
	<object-name>elec.gen.4.u</object-name>
	<object-name>elec.gen.4.l</object-name>
	<action>
		<button>0</button>
		<repeatable>false</repeatable>	
		<binding>
			<command>nasal</command>
			<script>electrical.push_gen_cont(3)</script>
		</binding>
	</action>
</animation>
<animation>
	<type>textranslate</type>
	<object-name>elec.gen.4.l</object-name>
	<property>/systems/electrical/generator-off[3]</property>
	<factor>0.0536</factor>
	<axis>
		<x>1</x>
	</axis>
</animation>
<animation>
	<type>textranslate</type>
	<object-name>elec.gen.4.u</object-name>
	<property>/controls/electric/generator-control[3]</property>
	<factor>0.0536</factor>
	<axis>
		<x>1</x>
	</axis>
</animation>
<animation>
	<type>translate</type>
	<object-name>elec.gen.4.u</object-name>
	<object-name>elec.gen.4.l</object-name>
	<property>/controls/electric/generator-control[3]</property>
	<factor>0.003</factor>
	<axis>
		<z>-1</z>
	</axis>
</animation>

<!-- Engine Start & Fuel Jettison -->

<animation>
	<type>knob</type>
	<object-name>auto-ignition</object-name>
	<property>/controls/engines/auto-ignition</property>
	<offset-deg>40</offset-deg>
	<factor>-40</factor>
	<action>
		<binding>
			<command>property-adjust</command>
			<property>/controls/engines/auto-ignition</property>
			<factor>1</factor>
			<min>0</min>
			<max>2</max>
		</binding>
	</action>
	<center>
		<x-m> 0.033</x-m><y-m>-0.035</y-m>
	</center>
	<axis>
		<z>1</z>
	</axis>
</animation>

<animation>
	<type>pick</type>
	<object-name>con.ign.l</object-name>
	<object-name>con.ign.u</object-name>
	<action>
		<button>0</button>
		<repeatable>false</repeatable>	
		<binding>
			<command>property-toggle</command>
			<property>/controls/engines/con-ignition</property>
		</binding>
	</action>
</animation>
<animation>
	<type>translate</type>
	<object-name>con.ign.l</object-name>
	<object-name>con.ign.u</object-name>
	<property>/controls/engines/con-ignition</property>
	<factor>0.005</factor>
	<axis>
		<z>-1</z>
	</axis>
</animation>
<animation>
	<type>textranslate</type>
	<object-name>con.ign.u</object-name>
	<property>/controls/engines/con-ignition</property>
	<factor>0.0537</factor>
	<axis>
		<x>1</x>
	</axis>
</animation>

<animation>
	<type>pick</type>
	<object-name>starter.1</object-name>
	<action>
		<button>0</button>
		<repeatable>false</repeatable>	
		<binding>
			<command>property-toggle</command>
			<property>/controls/engines/engine[0]/starter</property>
		</binding>
	</action>
</animation>

<animation>
	<type>select</type>
	<object-name>starter.sel.1</object-name>
	<condition>
		<property>/controls/engines/engine[0]/starter</property>
	</condition>
</animation>

<animation>
	<type>translate</type>
	<object-name>starter.1</object-name>
	<object-name>starter.sel.1</object-name>
	<property>/controls/engines/engine[0]/starter</property>
	<factor>0.011</factor>
	<axis>
		<z>1</z>
	</axis>
</animation>

<animation>
	<type>pick</type>
	<object-name>starter.2</object-name>
	<action>
		<button>0</button>
		<repeatable>false</repeatable>	
		<binding>
			<command>property-toggle</command>
			<property>/controls/engines/engine[1]/starter</property>
		</binding>
	</action>
</animation>

<animation>
	<type>select</type>
	<object-name>starter.sel.2</object-name>
	<condition>
		<property>/controls/engines/engine[1]/starter</property>
	</condition>
</animation>

<animation>
	<type>translate</type>
	<object-name>starter.2</object-name>
	<object-name>starter.sel.2</object-name>
	<property>/controls/engines/engine[1]/starter</property>
	<factor>0.011</factor>
	<axis>
		<z>1</z>
	</axis>
</animation>

<animation>
	<type>pick</type>
	<object-name>starter.3</object-name>
	<action>
		<button>0</button>
		<repeatable>false</repeatable>	
		<binding>
			<command>property-toggle</command>
			<property>/controls/engines/engine[2]/starter</property>
		</binding>
	</action>
</animation>

<animation>
	<type>select</type>
	<object-name>starter.sel.3</object-name>
	<condition>
		<property>/controls/engines/engine[2]/starter</property>
	</condition>
</animation>

<animation>
	<type>translate</type>
	<object-name>starter.3</object-name>
	<object-name>starter.sel.3</object-name>
	<property>/controls/engines/engine[2]/starter</property>
	<factor>0.011</factor>
	<axis>
		<z>1</z>
	</axis>
</animation>

<animation>
	<type>pick</type>
	<object-name>starter.4</object-name>
	<action>
		<button>0</button>
		<repeatable>false</repeatable>	
		<binding>
			<command>property-toggle</command>
			<property>/controls/engines/engine[3]/starter</property>
		</binding>
	</action>
</animation>

<animation>
	<type>select</type>
	<object-name>starter.sel.4</object-name>
	<condition>
		<property>/controls/engines/engine[3]/starter</property>
	</condition>
</animation>

<animation>
	<type>translate</type>
	<object-name>starter.4</object-name>
	<object-name>starter.sel.4</object-name>
	<property>/controls/engines/engine[3]/starter</property>
	<factor>0.011</factor>
	<axis>
		<z>1</z>
	</axis>
</animation>

<animation>		
	<type>knob</type>
	<object-name>fuel-to-remain</object-name>
	<action>
		<repeatable>true</repeatable>	
		<binding>
			<command>property-adjust</command>
			<property>/controls/fuel/fuel-to-remain-lbs</property>
			<factor>100</factor>
			<min>0</min>
			<max>400000</max>
		</binding>
	</action>
</animation>

<animation>
	<type>pick</type>
	<object-name>jettison.l.l</object-name>
	<object-name>jettison.l.u</object-name>
	<object-name>jettison.r.l</object-name>
	<object-name>jettison.r.u</object-name>
	<action>
		<button>0</button>
		<repeatable>false</repeatable>	
		<binding>
			<command>property-toggle</command>
			<property>/controls/fuel/dump-valve</property>
		</binding>
	</action>
</animation>
<animation>
	<type>translate</type>
	<object-name>jettison.l.l</object-name>
	<object-name>jettison.l.u</object-name>
	<object-name>jettison.r.l</object-name>
	<object-name>jettison.r.u</object-name>
	<property>/controls/fuel/dump-valve</property>
	<factor>0.0045</factor>
	<axis>
		<z>-1</z>
	</axis>
</animation>
<animation>
	<type>textranslate</type>
	<object-name>jettison.l.u</object-name>
	<object-name>jettison.r.u</object-name>
	<property>/controls/fuel/dump-valve</property>
	<factor>0.0537</factor>
	<axis>
		<x>1</x>
	</axis>
</animation>

<!-- Fire Protection -->

<animation>
	<type>pick</type>
	<object-name>fire.1</object-name>
	<action>
		<button>0</button>
		<repeatable>false</repeatable>
		<binding>
			<command>property-toggle</command>
			<property>/controls/engines/engine/fire</property>
		</binding>
		<binding>
			<command>property-assign</command>
			<property>/controls/engines/engine/cutoff</property>
			<value>1</value>
		</binding>
		<binding>
			<command>property-assign</command>
			<property>/controls/pneumatic/engine/bleed</property>
			<value>0</value>
		</binding>
	</action>
</animation>
<animation>
	<type>translate</type>
	<object-name>fire.1</object-name>
	<property>/controls/engines/engine/fire</property>
	<factor>0.02</factor>
	<axis>
		<z>1</z>
	</axis>
</animation>

<animation>
	<type>pick</type>
	<object-name>fire.2</object-name>
	<action>
		<button>0</button>
		<repeatable>false</repeatable>
		<binding>
			<command>property-toggle</command>
			<property>/controls/engines/engine[1]/fire</property>
		</binding>
		<binding>
			<command>property-assign</command>
			<property>/controls/engines/engine[1]/cutoff</property>
			<value>1</value>
		</binding>
		<binding>
			<command>property-assign</command>
			<property>/controls/pneumatic/engine[1]/bleed</property>
			<value>0</value>
		</binding>
	</action>
</animation>
<animation>
	<type>translate</type>
	<object-name>fire.2</object-name>
	<property>/controls/engines/engine[1]/fire</property>
	<factor>0.02</factor>
	<axis>
		<z>1</z>
	</axis>
</animation>

<animation>
	<type>pick</type>
	<object-name>fire.3</object-name>
	<action>
		<button>0</button>
		<repeatable>false</repeatable>	
		<binding>
			<command>property-toggle</command>
			<property>/controls/engines/engine[2]/fire</property>
		</binding>
		<binding>
			<command>property-assign</command>
			<property>/controls/engines/engine[2]/cutoff</property>
			<value>1</value>
		</binding>
		<binding>
			<command>property-assign</command>
			<property>/controls/pneumatic/engine[2]/bleed</property>
			<value>0</value>
		</binding>
	</action>
</animation>
<animation>
	<type>translate</type>
	<object-name>fire.3</object-name>
	<property>/controls/engines/engine[2]/fire</property>
	<factor>0.02</factor>
	<axis>
		<z>1</z>
	</axis>
</animation>

<animation>
	<type>pick</type>
	<object-name>fire.4</object-name>
	<action>
		<button>0</button>
		<repeatable>false</repeatable>
		<binding>
			<command>property-toggle</command>
			<property>/controls/engines/engine[3]/fire</property>
		</binding>
		<binding>
			<command>property-assign</command>
			<property>/controls/engines/engine[3]/cutoff</property>
			<value>1</value>
		</binding>
		<binding>
			<command>property-assign</command>
			<property>/controls/pneumatic/engine[3]/bleed</property>
			<value>0</value>
		</binding>
	</action>
</animation>
<animation>
	<type>translate</type>
	<object-name>fire.4</object-name>
	<property>/controls/engines/engine[3]/fire</property>
	<factor>0.02</factor>
	<axis>
		<z>1</z>
	</axis>
</animation>

<effect>
	<inherits-from>Effects/lightmap</inherits-from>
	<parameters>
		<texture n="1">
			<image>Aircraft/747-400/Models/Cockpit/overhead_lit.png</image>
		</texture>
		<factor><use>/controls/engines/engine[0]/on-fire</use></factor>
	</parameters>
	<object-name>fire.1</object-name>
</effect>
<effect>
	<inherits-from>Effects/lightmap</inherits-from>
	<parameters>
		<texture n="1">
			<image>Aircraft/747-400/Models/Cockpit/overhead_lit.png</image>
		</texture>
		<factor><use>/controls/engines/engine[1]/on-fire</use></factor>
	</parameters>
	<object-name>fire.2</object-name>
</effect>
<effect>
	<inherits-from>Effects/lightmap</inherits-from>
	<parameters>
		<texture n="1">
			<image>Aircraft/747-400/Models/Cockpit/overhead_lit.png</image>
		</texture>
		<factor><use>/controls/engines/engine[2]/on-fire</use></factor>
	</parameters>
	<object-name>fire.3</object-name>
</effect>
<effect>
	<inherits-from>Effects/lightmap</inherits-from>
	<parameters>
		<texture n="1">
			<image>Aircraft/747-400/Models/Cockpit/overhead_lit.png</image>
		</texture>
		<factor><use>/controls/engines/engine[3]/on-fire</use></factor>
	</parameters>
	<object-name>fire.4</object-name>
</effect>

<!-- Anti-Ice, Ice & Rain -->

<animation>
	<type>knob</type>
	<object-name>anti.ice.1</object-name>
	<property>/controls/anti-ice/engine/inlet-heat</property>
	<factor>-25</factor>
	<cursor>hand</cursor>
	<action>
		<binding>
			<command>property-toggle</command>
			<property>/controls/anti-ice/engine/carb-heat</property>
		</binding>
		<binding>
			<command>property-toggle</command>
			<property>/controls/anti-ice/engine/inlet-heat</property>
		</binding>
		<binding>
			<command>nasal</command>
			<script>controls.click();</script>
		</binding>
	</action>
	<center>
		<x-m>0.208</x-m><z-m>-0.014</z-m>
	</center>
	<axis>
		<y>1</y>
	</axis>
</animation>

<animation>
	<type>knob</type>
	<object-name>anti.ice.2</object-name>
	<property>/controls/anti-ice/engine[1]/inlet-heat</property>
	<factor>-25</factor>
	<cursor>hand</cursor>
	<action>
		<binding>
			<command>property-toggle</command>
			<property>/controls/anti-ice/engine[1]/carb-heat</property>
		</binding>
		<binding>
			<command>property-toggle</command>
			<property>/controls/anti-ice/engine[1]/inlet-heat</property>
		</binding>
		<binding>
			<command>nasal</command>
			<script>controls.click();</script>
		</binding>
	</action>
	<center>
		<x-m>0.2</x-m><z-m>-0.014</z-m>
	</center>
	<axis>
		<y>1</y>
	</axis>
</animation>

<animation>
	<type>knob</type>
	<object-name>anti.ice.3</object-name>
	<property>/controls/anti-ice/engine[2]/inlet-heat</property>
	<factor>-25</factor>
	<cursor>hand</cursor>
	<action>
		<binding>
			<command>property-toggle</command>
			<property>/controls/anti-ice/engine[2]/carb-heat</property>
		</binding>
		<binding>
			<command>property-toggle</command>
			<property>/controls/anti-ice/engine[2]/inlet-heat</property>
		</binding>
		<binding>
			<command>nasal</command>
			<script>controls.click();</script>
		</binding>
	</action>
	<center>
		<x-m>0.2</x-m><z-m>-0.014</z-m>
	</center>
	<axis>
		<y>1</y>
	</axis>
</animation>

<animation>
	<type>knob</type>
	<object-name>anti.ice.4</object-name>
	<property>/controls/anti-ice/engine[3]/inlet-heat</property>
	<factor>-25</factor>
	<cursor>hand</cursor>
	<action>
		<binding>
			<command>property-toggle</command>
			<property>/controls/anti-ice/engine[3]/carb-heat</property>
		</binding>
		<binding>
			<command>property-toggle</command>
			<property>/controls/anti-ice/engine[3]/inlet-heat</property>
		</binding>
		<binding>
			<command>nasal</command>
			<script>controls.click();</script>
		</binding>
	</action>
	<center>
		<x-m>0.208</x-m><z-m>-0.014</z-m>
	</center>
	<axis>
		<y>1</y>
	</axis>
</animation>

<animation>
	<type>knob</type>
	<object-name>anti.ice.wing</object-name>
	<property>/controls/anti-ice/wing-heat</property>
	<offset-deg>25</offset-deg>
	<factor>-50</factor>
	<cursor>hand</cursor>
	<action>
		<binding>
			<command>property-toggle</command>
			<property>/controls/anti-ice/wing-heat</property>
		</binding>
		<binding>
			<command>nasal</command>
			<script>controls.click();</script>
		</binding>
	</action>
	<center>
		<x-m>0.236</x-m><y-m>-0.084</y-m><z-m>-0.014</z-m>
	</center>
	<axis>	
		<x>1</x>
	</axis>
</animation>

<animation>
	<type>knob</type>
	<object-name>wiper.l</object-name>
	<property>/controls/electric/wiperl/switch</property>
	<factor>-45</factor>
	<action>
		<binding>
			<command>property-adjust</command>
			<property>/controls/electric/wiperl/switch</property>
			<factor>1</factor>
			<min>0</min>
			<max>2</max>
		</binding>
		<binding>
			<command>nasal</command>
			<script>controls.click();</script>
		</binding>
	</action>
	<center>
		<x-m> 0.229</x-m>
		<y-m>-0.002</y-m>
	</center>
	<axis>
		<z>1</z>
	</axis>
</animation>

<animation>
	<type>knob</type>
	<object-name>wiper.r</object-name>
	<property>/controls/electric/wiperr/switch</property>
	<factor>-45</factor>
	<action>
		<binding>
			<command>property-adjust</command>
			<property>/controls/electric/wiperr/switch</property>
			<factor>1</factor>
			<min>0</min>
			<max>2</max>
		</binding>
		<binding>
			<command>nasal</command>
			<script>controls.click();</script>
		</binding>
	</action>
	<center>
		<x-m> 0.229</x-m>
		<y-m> 0.108</y-m>
	</center>
	<axis>
		<z>1</z>
	</axis>
</animation>

<!-- Fuel -->


<animation>
	<type>pick</type>
	<object-name>xfer.l</object-name>
	<object-name>xfer.u</object-name>
	<action>
		<button>0</button>
		<repeatable>false</repeatable>	
		<binding>
			<command>property-toggle</command>
			<property>/controls/fuel/transfer-main-1-4</property>
		</binding>
	</action>
</animation>
<animation>
	<type>translate</type>
	<object-name>xfer.l</object-name>
	<object-name>xfer.u</object-name>
	<property>/controls/fuel/transfer-main-1-4</property>
	<factor>0.005</factor>
	<axis>
		<x> 0</x>
		<y> 0</y>
		<z>-1</z>
	</axis>
</animation>
<animation>
	<type>textranslate</type>
	<object-name>xfer.u</object-name>
	<property>/controls/fuel/transfer-main-1-4</property>
	<factor>0.0537</factor>
	<axis>
		<x>1</x>
	</axis>
</animation>

<animation>
	<type>knob</type>
	<object-name>xfeed.1.l</object-name>
	<object-name>xfeed.1.u</object-name>
	<cursor>hand</cursor>
	<action>
		<binding>
			<command>property-toggle</command>
			<property>controls/fuel/tank[1]/x-feed</property>
		</binding>
	</action>
</animation>
<animation>
	<type>textranslate</type>
	<object-name>xfeed.1.l</object-name>
	<property>controls/fuel/tank[1]/x-feed</property>
	<factor>0.268</factor>
	<axis>
		<x>1</x>
	</axis>
</animation>
<animation>
	<type>translate</type>
	<object-name>xfeed.1.l</object-name>
	<object-name>xfeed.1.u</object-name>
	<property>controls/fuel/tank[1]/x-feed</property>
	<factor>0.005</factor>
	<axis>
		<z>-1</z>
	</axis>
</animation>

<animation>
	<type>pick</type>
	<object-name>xfeed.2.cover</object-name>
	<action>
		<button>0</button>
		<binding>
			<condition>
				<less-than>
					<property>/controls/switches/covers/x-feed[1]</property>
					<value>0.01</value>
				</less-than>
			</condition>
			<command>property-interpolate</command>
			<property>/controls/switches/covers/x-feed[1]</property>
			<value>1</value>
			<time>0.25</time>
		</binding>
		<binding>
			<condition>
				<greater-than>
					<property>/controls/switches/covers/x-feed[1]</property>
					<value>0.99</value>
				</greater-than>
			</condition>
			<command>property-interpolate</command>
			<property>/controls/switches/covers/x-feed[1]</property>
			<value>0</value>
			<time>0.25</time>
		</binding>
	</action>
</animation>
<animation>
	<type>rotate</type>
	<object-name>xfeed.2.cover</object-name>
	<property>/controls/switches/covers/x-feed[1]</property>
	<factor>-90</factor>
	<center>
		<x-m> 0.071</x-m>
		<z-m>-0.013</z-m>
	</center>
	<axis>
		<y>1</y>
	</axis>
</animation>
<animation>
	<type>knob</type>
	<object-name>xfeed.2.u</object-name>
	<object-name>xfeed.2.l</object-name>
	<cursor>hand</cursor>
	<action>
		<binding>
			<condition>
				<property>/controls/switches/covers/x-feed[1]</property>
			</condition>
			<command>property-toggle</command>
			<property>controls/fuel/tank[2]/x-feed</property>
		</binding>
	</action>
</animation>
<animation>
	<type>textranslate</type>
	<object-name>xfeed.2.l</object-name>
	<property>controls/fuel/tank[2]/x-feed</property>
	<factor>0.268</factor>
	<axis>
		<x>1</x>
	</axis>
</animation>
<animation>
	<type>translate</type>
	<object-name>xfeed.2.l</object-name>
	<object-name>xfeed.2.u</object-name>
	<property>controls/fuel/tank[2]/x-feed</property>
	<factor>0.005</factor>
	<axis>
		<z>-1</z>
	</axis>
</animation>

<animation>
	<type>pick</type>
	<object-name>xfeed.3.cover</object-name>
	<action>
		<button>0</button>
		<binding>
			<condition>
				<less-than>
					<property>/controls/switches/covers/x-feed[2]</property>
					<value>0.01</value>
				</less-than>
			</condition>
			<command>property-interpolate</command>
			<property>/controls/switches/covers/x-feed[2]</property>
			<value>1</value>
			<time>0.25</time>
		</binding>
		<binding>
			<condition>
				<greater-than>
					<property>/controls/switches/covers/x-feed[2]</property>
					<value>0.99</value>
				</greater-than>
			</condition>
			<command>property-interpolate</command>
			<property>/controls/switches/covers/x-feed[2]</property>
			<value>0</value>
			<time>0.25</time>
		</binding>
	</action>
</animation>
<animation>
	<type>rotate</type>
	<object-name>xfeed.3.cover</object-name>
	<property>/controls/switches/covers/x-feed[2]</property>
	<factor>-90</factor>
	<center>
		<x-m> 0.071</x-m>
		<z-m>-0.013</z-m>
	</center>
	<axis>
		<y>1</y>
	</axis>
</animation>
<animation>
	<type>knob</type>
	<object-name>xfeed.3.u</object-name>
	<object-name>xfeed.3.l</object-name>
	<cursor>hand</cursor>
	<action>
		<binding>
			<condition>
				<property>/controls/switches/covers/x-feed[2]</property>
			</condition>
			<command>property-toggle</command>
			<property>controls/fuel/tank[3]/x-feed</property>
		</binding>
	</action>
</animation>
<animation>
	<type>textranslate</type>
	<object-name>xfeed.3.l</object-name>
	<property>controls/fuel/tank[3]/x-feed</property>
	<factor>0.268</factor>
	<axis>
		<x>1</x>
	</axis>
</animation>
<animation>
	<type>translate</type>
	<object-name>xfeed.3.l</object-name>
	<object-name>xfeed.3.u</object-name>
	<property>controls/fuel/tank[3]/x-feed</property>
	<factor>0.005</factor>
	<axis>
		<z>-1</z>
	</axis>
</animation>

<animation>
	<type>knob</type>
	<object-name>xfeed.4.l</object-name>
	<object-name>xfeed.4.u</object-name>
	<cursor>hand</cursor>
	<action>
		<binding>
			<command>property-toggle</command>
			<property>controls/fuel/tank[4]/x-feed</property>
		</binding>
	</action>
</animation>
<animation>
	<type>textranslate</type>
	<object-name>xfeed.4.l</object-name>
	<property>controls/fuel/tank[4]/x-feed</property>
	<factor>0.268</factor>
	<axis>
		<x>1</x>
	</axis>
</animation>
<animation>
	<type>translate</type>
	<object-name>xfeed.4.l</object-name>
	<object-name>xfeed.4.u</object-name>
	<property>controls/fuel/tank[4]/x-feed</property>
	<factor>0.005</factor>
	<axis>
		<z>-1</z>
	</axis>
</animation>

<animation>
	<type>pick</type>
	<object-name>fuel_stab.l.l</object-name>
	<object-name>fuel_stab.l.u</object-name>
	<object-name>fuel_stab.r.l</object-name>
	<object-name>fuel_stab.r.u</object-name>
	<action>
		<button>0</button>
		<repeatable>false</repeatable>	
		<binding>
			<command>property-toggle</command>
			<property>controls/fuel/tank[7]/pump</property>
		</binding>
	</action>
</animation>
<animation>
	<type>translate</type>
	<object-name>fuel_stab.l.l</object-name>
	<object-name>fuel_stab.l.u</object-name>
	<object-name>fuel_stab.r.l</object-name>
	<object-name>fuel_stab.r.u</object-name>
	<property>/controls/fuel/tank[7]/pump</property>
	<factor>0.005</factor>
	<axis>
		<z>-1</z>
	</axis>
</animation>
<animation>
	<type>textranslate</type>
	<object-name>fuel_stab.l.u</object-name>
	<object-name>fuel_stab.r.u</object-name>
	<property>/controls/fuel/tank[7]/pump</property>
	<factor>0.0537</factor>
	<axis>
		<x>1</x>
	</axis>
</animation>
<animation>
	<type>textranslate</type>
	<object-name>fuel_stab.l.l</object-name>
	<object-name>fuel_stab.r.l</object-name>
	<property>/fdm/jsbsim/propulsion/tank[7]/pump-low-pressure</property>
	<factor>0.1611</factor>
	<axis>
		<x>1</x>
	</axis>
</animation>

<animation>
	<type>pick</type>
	<object-name>pump.1.fwd.l</object-name>
	<object-name>pump.1.fwd.u</object-name>
	<action>
		<button>0</button>
		<repeatable>false</repeatable>	
		<binding>
			<command>property-toggle</command>
			<property>controls/fuel/tank[1]/pump-fwd</property>
		</binding>
	</action>
</animation>
<animation>
	<type>translate</type>
	<object-name>pump.1.fwd.l</object-name>
	<object-name>pump.1.fwd.u</object-name>
	<property>/controls/fuel/tank[1]/pump-fwd</property>
	<factor>0.005</factor>
	<axis>
		<z>-1</z>
	</axis>
</animation>
<animation>
	<type>textranslate</type>
	<object-name>pump.1.fwd.u</object-name>
	<property>/controls/fuel/tank[1]/pump-fwd</property>
	<factor>0.0537</factor>
	<axis>
		<x>1</x>
	</axis>
</animation>

<animation>
	<type>pick</type>
	<object-name>pump.1.aft.l</object-name>
	<object-name>pump.1.aft.u</object-name>
	<action>
		<button>0</button>
		<repeatable>false</repeatable>	
		<binding>
			<command>property-toggle</command>
			<property>controls/fuel/tank[1]/pump-aft</property>
		</binding>
	</action>
</animation>
<animation>
	<type>translate</type>
	<object-name>pump.1.aft.l</object-name>
	<object-name>pump.1.aft.u</object-name>
	<property>/controls/fuel/tank[1]/pump-aft</property>
	<factor>0.005</factor>
	<axis>
		<z>-1</z>
	</axis>
</animation>
<animation>
	<type>textranslate</type>
	<object-name>pump.1.aft.u</object-name>
	<property>/controls/fuel/tank[1]/pump-aft</property>
	<factor>0.0537</factor>
	<axis>
		<x>1</x>
	</axis>
</animation>

<animation>
	<type>pick</type>
	<object-name>pump.2.fwd.l</object-name>
	<object-name>pump.2.fwd.u</object-name>
	<action>
		<button>0</button>
		<repeatable>false</repeatable>	
		<binding>
			<command>property-toggle</command>
			<property>controls/fuel/tank[2]/pump-fwd</property>
		</binding>
	</action>
</animation>
<animation>
	<type>translate</type>
	<object-name>pump.2.fwd.l</object-name>
	<object-name>pump.2.fwd.u</object-name>
	<property>/controls/fuel/tank[2]/pump-fwd</property>
	<factor>0.005</factor>
	<axis>
		<z>-1</z>
	</axis>
</animation>
<animation>
	<type>textranslate</type>
	<object-name>pump.2.fwd.u</object-name>
	<property>/controls/fuel/tank[2]/pump-fwd</property>
	<factor>0.0537</factor>
	<axis>
		<x>1</x>
	</axis>
</animation>

<animation>
	<type>pick</type>
	<object-name>pump.2.aft.l</object-name>
	<object-name>pump.2.aft.u</object-name>
	<action>
		<button>0</button>
		<repeatable>false</repeatable>	
		<binding>
			<command>property-toggle</command>
			<property>controls/fuel/tank[2]/pump-aft</property>
		</binding>
	</action>
</animation>
<animation>
	<type>translate</type>
	<object-name>pump.2.aft.l</object-name>
	<object-name>pump.2.aft.u</object-name>
	<property>/controls/fuel/tank[2]/pump-aft</property>
	<factor>0.005</factor>
	<axis>
		<z>-1</z>
	</axis>
</animation>
<animation>
	<type>textranslate</type>
	<object-name>pump.2.aft.u</object-name>
	<property>/controls/fuel/tank[2]/pump-aft</property>
	<factor>0.0537</factor>
	<axis>
		<x>1</x>
	</axis>
</animation>

<animation>
	<type>pick</type>
	<object-name>pump.3.fwd.l</object-name>
	<object-name>pump.3.fwd.u</object-name>
	<action>
		<button>0</button>
		<repeatable>false</repeatable>	
		<binding>
			<command>property-toggle</command>
			<property>controls/fuel/tank[3]/pump-fwd</property>
		</binding>
	</action>
</animation>
<animation>
	<type>translate</type>
	<object-name>pump.3.fwd.l</object-name>
	<object-name>pump.3.fwd.u</object-name>
	<property>/controls/fuel/tank[3]/pump-fwd</property>
	<factor>0.005</factor>
	<axis>
		<z>-1</z>
	</axis>
</animation>
<animation>
	<type>textranslate</type>
	<object-name>pump.3.fwd.u</object-name>
	<property>/controls/fuel/tank[3]/pump-fwd</property>
	<factor>0.0537</factor>
	<axis>
		<x>1</x>
	</axis>
</animation>

<animation>
	<type>pick</type>
	<object-name>pump.3.aft.l</object-name>
	<object-name>pump.3.aft.u</object-name>
	<action>
		<button>0</button>
		<repeatable>false</repeatable>	
		<binding>
			<command>property-toggle</command>
			<property>controls/fuel/tank[3]/pump-aft</property>
		</binding>
	</action>
</animation>
<animation>
	<type>translate</type>
	<object-name>pump.3.aft.l</object-name>
	<object-name>pump.3.aft.u</object-name>
	<property>/controls/fuel/tank[3]/pump-aft</property>
	<factor>0.005</factor>
	<axis>
		<z>-1</z>
	</axis>
</animation>
<animation>
	<type>textranslate</type>
	<object-name>pump.3.aft.u</object-name>
	<property>/controls/fuel/tank[3]/pump-aft</property>
	<factor>0.0537</factor>
	<axis>
		<x>1</x>
	</axis>
</animation>

<animation>
	<type>pick</type>
	<object-name>pump.4.fwd.l</object-name>
	<object-name>pump.4.fwd.u</object-name>
	<action>
		<button>0</button>
		<repeatable>false</repeatable>	
		<binding>
			<command>property-toggle</command>
			<property>controls/fuel/tank[4]/pump-fwd</property>
		</binding>
	</action>
</animation>
<animation>
	<type>translate</type>
	<object-name>pump.4.fwd.l</object-name>
	<object-name>pump.4.fwd.u</object-name>
	<property>/controls/fuel/tank[4]/pump-fwd</property>
	<factor>0.005</factor>
	<axis>
		<z>-1</z>
	</axis>
</animation>
<animation>
	<type>textranslate</type>
	<object-name>pump.4.fwd.u</object-name>
	<property>/controls/fuel/tank[4]/pump-fwd</property>
	<factor>0.0537</factor>
	<axis>
		<x>1</x>
	</axis>
</animation>

<animation>
	<type>pick</type>
	<object-name>pump.4.aft.l</object-name>
	<object-name>pump.4.aft.u</object-name>
	<action>
		<button>0</button>
		<repeatable>false</repeatable>	
		<binding>
			<command>property-toggle</command>
			<property>controls/fuel/tank[4]/pump-aft</property>
		</binding>
	</action>
</animation>
<animation>
	<type>translate</type>
	<object-name>pump.4.aft.l</object-name>
	<object-name>pump.4.aft.u</object-name>
	<property>/controls/fuel/tank[4]/pump-aft</property>
	<factor>0.005</factor>
	<axis>
		<z>-1</z>
	</axis>
</animation>
<animation>
	<type>textranslate</type>
	<object-name>pump.4.aft.u</object-name>
	<property>/controls/fuel/tank[4]/pump-aft</property>
	<factor>0.0537</factor>
	<axis>
		<x>1</x>
	</axis>
</animation>

<!-- IRS/INS -->
<!--
<animation>
	<type>pick</type>
	<object-name>irsl</object-name>
	<action>
		<button>0</button>
		<repeatable>false</repeatable>
		<binding>
			<command>property-cycle</command>
			<property>/ins/left/mode</property>
			<value type="string">off</value>
			<value type="string">align</value>
			<value type="string">nav</value>
			<value type="string">align-then-nav</value>
		</binding> 
	</action>
</animation>

<animation>
	<type>rotate</type>
	<object-name>irsl</object-name>
	<property>/ins/left/mode</property>
	<factor>-45</factor>
	<center>
		<x-m>-0.114</x-m>
		<y-m>-0.344</y-m>
		<z-m>-0.014</z-m>
	</center>
	<axis>
		<x>0</x>
		<y>0</y>
		<z>1</z>
	</axis>
</animation>

<animation>
	<type>pick</type>
	<object-name>irsc</object-name>
	<action>
		<button>0</button>
		<repeatable>false</repeatable>
		<binding>
			<command>property-cycle</command>
			<property>/ins/center/mode</property>
			<value type="string">off</value>
			<value type="string">align</value>
			<value type="string">nav</value>
			<value type="string">align-then-nav</value>
		</binding> 
	</action>
</animation>

<animation>
	<type>pick</type>
	<object-name>irsr</object-name>
	<action>
		<button>0</button>
		<repeatable>false</repeatable>
		<binding>
			<command>property-cycle</command>
			<property>/ins/right/mode</property>
			<value type="string">off</value>
			<value type="string">align</value>
			<value type="string">nav</value>
			<value type="string">align-then-nav</value>
		</binding> 
	</action>
</animation>
-->
<!-- Pneumatics -->

<animation>
	<type>knob</type>
	<object-name>pack.1</object-name>
	<property>/controls/pneumatic/pack-control[0]</property>
	<factor>-35</factor>
	<action>
		<binding>
			<command>property-adjust</command>
			<property>/controls/pneumatic/pack-control[0]</property>
			<factor>1</factor>
			<min>0</min>
			<max>3</max>
		</binding>
	</action>
	<center>
		<x-m>0.156</x-m><y-m>0.183</y-m>
	</center>
	<axis>
		<z>1</z>
	</axis>
</animation>

<animation>
	<type>knob</type>
	<object-name>pack.2</object-name>
	<property>/controls/pneumatic/pack-control[1]</property>
	<factor>-35</factor>
	<action>
		<binding>
			<command>property-adjust</command>
			<property>/controls/pneumatic/pack-control[1]</property>
			<factor>1</factor>
			<min>0</min>
			<max>3</max>
		</binding>
	</action>
	<center>
		<x-m>0.156</x-m><y-m>0.259</y-m>
	</center>
	<axis>
		<z>1</z>
	</axis>
</animation>

<animation>
	<type>knob</type>
	<object-name>pack.3</object-name>
	<property>/controls/pneumatic/pack-control[2]</property>
	<factor>-35</factor>
	<action>
		<binding>
			<command>property-adjust</command>
			<property>/controls/pneumatic/pack-control[2]</property>
			<factor>1</factor>
			<min>0</min>
			<max>3</max>
		</binding>
	</action>
	<center>
		<x-m>0.156</x-m><y-m>0.335</y-m>	
	</center>
	<axis>
		<z>1</z>
	</axis>
</animation>

<animation>
	<type>knob</type>
	<object-name>pass.temp</object-name>
	<property>/controls/air/passenger-temperature</property>
	<factor>-45</factor>
	<action>
		<binding>
			<command>property-adjust</command>
			<property>/controls/air/passenger-temperature</property>
			<factor>1</factor>
			<min>-3</min>
			<max>3</max>
		</binding>
	</action>
	<center>
		<x-m>0.006</x-m><y-m>0.178</y-m>	
	</center>
	<axis>
		<z>1</z>
	</axis>
</animation>

<animation>
	<type>knob</type>
	<object-name>flt.deck.temp</object-name>
	<property>/controls/air/flight-deck-temperature</property>
	<factor>-45</factor>
	<action>
		<binding>
			<command>property-adjust</command>
			<property>/controls/air/flight-deck-temperature</property>
			<factor>1</factor>
			<min>-3</min>
			<max>3</max>
		</binding>
	</action>
	<center>
		<x-m>0.006</x-m><y-m>0.229</y-m>	
	</center>
	<axis>
		<z>1</z>
	</axis>
</animation>

<animation>
	<type>knob</type>
	<object-name>cargo.temp</object-name>
	<property>/controls/air/cargo-temperature</property>
	<factor>-45</factor>
	<action>
		<binding>
			<command>property-adjust</command>
			<property>/controls/air/cargo-temperature</property>
			<factor>1</factor>
			<min>-3</min>
			<max>3</max>
		</binding>
	</action>
	<center>
		<x-m>0.006</x-m><y-m>0.342</y-m>	
	</center>
	<axis>
		<z>1</z>
	</axis>
</animation>

<animation>
	<type>knob</type>
	<object-name>equip.cooling</object-name>
	<property>/controls/air/equip-cooling</property>
	<factor>-45</factor>
	<action>
		<binding>
			<command>property-adjust</command>
			<property>/controls/air/equip-cooling</property>
			<factor>1</factor>
			<min>0</min>
			<max>2</max>
		</binding>
	</action>
	<center>	
		<x-m>0.1</x-m><y-m>0.177</y-m>
	</center>
	<axis>
		<z>1</z>
	</axis>
</animation>

<animation>
	<type>pick</type>
	<object-name>pack.hi.flow.l</object-name>
	<object-name>pack.hi.flow.u</object-name>
	<action>
		<button>0</button>
		<repeatable>false</repeatable>	
		<binding>
			<command>property-toggle</command>
			<property>/controls/air/pack-high-flow</property>
		</binding>
	</action>
</animation>
<animation>
	<type>textranslate</type>
	<object-name>pack.hi.flow.u</object-name>
	<property>/controls/air/pack-high-flow</property>
	<factor>0.0537</factor>
	<axis>
		<x>1</x>
	</axis>
</animation>
<animation>
	<type>translate</type>
	<object-name>pack.hi.flow.l</object-name>
	<object-name>pack.hi.flow.u</object-name>
	<property>/controls/air/pack-high-flow</property>
	<factor>0.005</factor>
	<axis>
		<z>-1</z>
	</axis>
</animation>

<animation>
	<type>pick</type>
	<object-name>bleed.1.l</object-name>
	<object-name>bleed.1.u</object-name>
	<action>
		<button>0</button>
		<repeatable>false</repeatable>	
		<binding>
			<command>property-toggle</command>
			<property>/controls/pneumatic/engine-bleed[0]</property>
		</binding>
	</action>
</animation>
<animation>
	<type>textranslate</type>
	<object-name>bleed.1.l</object-name>
	<property>/systems/pneumatic/engine-bleed-off[0]</property>
	<factor>0.0537</factor>
	<axis>
		<x>1</x>
	</axis>
</animation>
<animation>
	<type>textranslate</type>
	<object-name>bleed.1.u</object-name>
	<property>/controls/pneumatic/engine-bleed[0]</property>
	<factor>0.0537</factor>
	<axis>
		<x>1</x>
	</axis>
</animation>
<animation>
	<type>translate</type>
	<object-name>bleed.1.l</object-name>
	<object-name>bleed.1.u</object-name>
	<property>/controls/pneumatic/engine-bleed[0]</property>
	<factor>0.005</factor>
	<axis>
		<z>-1</z>
	</axis>
</animation>

<animation>
	<type>pick</type>
	<object-name>bleed.2.l</object-name>
	<object-name>bleed.2.u</object-name>
	<action>
		<button>0</button>
		<repeatable>false</repeatable>	
		<binding>
			<command>property-toggle</command>
			<property>/controls/pneumatic/engine-bleed[1]</property>
		</binding>
	</action>
</animation>
<animation>
	<type>textranslate</type>
	<object-name>bleed.2.l</object-name>
	<property>/systems/pneumatic/engine-bleed-off[1]</property>
	<factor>0.0537</factor>
	<axis>
		<x>1</x>
	</axis>
</animation>
<animation>
	<type>textranslate</type>
	<object-name>bleed.2.u</object-name>
	<property>/controls/pneumatic/engine-bleed[1]</property>
	<factor>0.0537</factor>
	<axis>
		<x>1</x>
	</axis>
</animation>
<animation>
	<type>translate</type>
	<object-name>bleed.2.l</object-name>
	<object-name>bleed.2.u</object-name>
	<property>/controls/pneumatic/engine-bleed[1]</property>
	<factor>0.005</factor>
	<axis>
		<z>-1</z>
	</axis>
</animation>

<animation>
	<type>pick</type>
	<object-name>bleed.3.l</object-name>
	<object-name>bleed.3.u</object-name>
	<action>
		<button>0</button>
		<repeatable>false</repeatable>	
		<binding>
			<command>property-toggle</command>
			<property>/controls/pneumatic/engine-bleed[2]</property>
		</binding>
	</action>
</animation>
<animation>
	<type>textranslate</type>
	<object-name>bleed.3.l</object-name>
	<property>/systems/pneumatic/engine-bleed-off[2]</property>
	<factor>0.0537</factor>
	<axis>
		<x>1</x>
	</axis>
</animation>
<animation>
	<type>textranslate</type>
	<object-name>bleed.3.u</object-name>
	<property>/controls/pneumatic/engine-bleed[2]</property>
	<factor>0.0537</factor>
	<axis>
		<x>1</x>
	</axis>
</animation>
<animation>
	<type>translate</type>
	<object-name>bleed.3.l</object-name>
	<object-name>bleed.3.u</object-name>
	<property>/controls/pneumatic/engine-bleed[2]</property>
	<factor>0.005</factor>
	<axis>
		<z>-1</z>
	</axis>
</animation>

<animation>
	<type>pick</type>
	<object-name>bleed.4.l</object-name>
	<object-name>bleed.4.u</object-name>
	<action>
		<button>0</button>
		<repeatable>false</repeatable>	
		<binding>
			<command>property-toggle</command>
			<property>/controls/pneumatic/engine-bleed[3]</property>
		</binding>
	</action>
</animation>
<animation>
	<type>textranslate</type>
	<object-name>bleed.4.l</object-name>
	<property>/systems/pneumatic/engine-bleed-off[3]</property>
	<factor>0.0537</factor>
	<axis>
		<x>1</x>
	</axis>
</animation>
<animation>
	<type>textranslate</type>
	<object-name>bleed.4.u</object-name>
	<property>/controls/pneumatic/engine-bleed[3]</property>
	<factor>0.0537</factor>
	<axis>
		<x>1</x>
	</axis>
</animation>
<animation>
	<type>translate</type>
	<object-name>bleed.4.l</object-name>
	<object-name>bleed.4.u</object-name>
	<property>/controls/pneumatic/engine-bleed[3]</property>
	<factor>0.005</factor>
	<axis>
		<z>-1</z>
	</axis>
</animation>

<animation>
	<type>textranslate</type>
	<object-name>pack.1.sysfault</object-name>
	<property>systems/pneumatic/system-fault[0]</property>
	<factor>0.0542</factor>
	<axis>
		<x>1</x>
	</axis>
</animation>
<animation>
	<type>textranslate</type>
	<object-name>pack.2.sysfault</object-name>
	<property>systems/pneumatic/system-fault[1]</property>
	<factor>0.0542</factor>
	<axis>
		<x>1</x>
	</axis>
</animation>
<animation>
	<type>textranslate</type>
	<object-name>pack.3.sysfault</object-name>
	<property>systems/pneumatic/system-fault[2]</property>
	<factor>0.0542</factor>
	<axis>
		<x>1</x>
	</axis>
</animation>
<animation>
	<type>textranslate</type>
	<object-name>pack.4.sysfault</object-name>
	<property>systems/pneumatic/system-fault[3]</property>
	<factor>0.0542</factor>
	<axis>
		<x>1</x>
	</axis>
</animation>

<animation>
	<type>pick</type>
	<object-name>bleed.apu.l</object-name>
	<object-name>bleed.apu.u</object-name>
	<action>
		<button>0</button>
		<repeatable>false</repeatable>	
		<binding>
			<command>property-toggle</command>
			<property>/controls/pneumatic/APU-bleed</property>
		</binding>
	</action>
</animation>
<animation>
	<type>textranslate</type>
	<object-name>bleed.apu.u</object-name>
	<property>/controls/pneumatic/APU-bleed</property>
	<factor>0.0537</factor>
	<axis>
		<x>1</x>
	</axis>
</animation>
<animation>
	<type>translate</type>
	<object-name>bleed.apu.l</object-name>
	<object-name>bleed.apu.u</object-name>
	<property>/controls/pneumatic/APU-bleed</property>
	<factor>0.005</factor>
	<axis>
		<z>-1</z>
	</axis>
</animation>

<animation>
	<type>pick</type>
	<object-name>isln.l.u</object-name>
	<object-name>isln.l.l</object-name>
	<action>
		<button>0</button>
		<repeatable>false</repeatable>	
		<binding>
			<command>property-toggle</command>
			<property>/controls/pneumatic/isolation-valve[0]</property>
		</binding>
	</action>
</animation>
<animation>
	<type>textranslate</type>
	<object-name>isln.l.l</object-name>
	<property>/controls/pneumatic/isolation-valve[0]</property>
	<factor>0.2685</factor>
	<axis>
		<x>1</x>
	</axis>
</animation>
<animation>
	<type>translate</type>
	<object-name>isln.l.u</object-name>
	<object-name>isln.l.l</object-name>
	<property>/controls/pneumatic/isolation-valve[0]</property>
	<factor>0.005</factor>
	<axis>
		<z>-1</z>
	</axis>
</animation>

<animation>
	<type>pick</type>
	<object-name>isln.r.u</object-name>
	<object-name>isln.r.l</object-name>
	<action>
		<button>0</button>
		<repeatable>false</repeatable>	
		<binding>
			<command>property-toggle</command>
			<property>/controls/pneumatic/isolation-valve[1]</property>
		</binding>
	</action>
</animation>
<animation>
	<type>textranslate</type>
	<object-name>isln.r.l</object-name>
	<property>/controls/pneumatic/isolation-valve[1]</property>
	<factor>0.2685</factor>
	<axis>
		<x>1</x>
	</axis>
</animation>
<animation>
	<type>translate</type>
	<object-name>isln.r.u</object-name>
	<object-name>isln.r.l</object-name>
	<property>/controls/pneumatic/isolation-valve[1]</property>
	<factor>0.005</factor>
	<axis>
		<z>-1</z>
	</axis>
</animation>

<!-- Hydraulics -->
<!-- SYS FAULT lights -->
<animation>
	<type>textranslate</type>
	<object-name>hyd.1.fault</object-name>
	<property>systems/hydraulic/system-fault[0]</property>
	<factor>0.0542</factor>
	<axis>
		<x>1</x>
	</axis>
</animation>
<animation>
	<type>textranslate</type>
	<object-name>hyd.2.fault</object-name>
	<property>systems/hydraulic/system-fault[1]</property>
	<factor>0.0542</factor>
	<axis>
		<x>1</x>
	</axis>
</animation>
<animation>
	<type>textranslate</type>
	<object-name>hyd.3.fault</object-name>
	<property>systems/hydraulic/system-fault[2]</property>
	<factor>0.0542</factor>
	<axis>
		<x>1</x>
	</axis>
</animation>
<animation>
	<type>textranslate</type>
	<object-name>hyd.4.fault</object-name>
	<property>systems/hydraulic/system-fault[3]</property>
	<factor>0.0542</factor>
	<axis>
		<x>1</x>
	</axis>
</animation>

<animation>
	<type>textranslate</type>
	<object-name>dem.1.press</object-name>
	<property>systems/hydraulic/demand-pump-pressure-low[0]</property>
	<factor>0.1084</factor>
	<axis>
		<x>1</x>
	</axis>
</animation>
<animation>
	<type>textranslate</type>
	<object-name>dem.2.press</object-name>
	<property>systems/hydraulic/demand-pump-pressure-low[1]</property>
	<factor>0.1084</factor>
	<axis>
		<x>1</x>
	</axis>
</animation>
<animation>
	<type>textranslate</type>
	<object-name>dem.3.press</object-name>
	<property>systems/hydraulic/demand-pump-pressure-low[2]</property>
	<factor>0.1084</factor>
	<axis>
		<x>1</x>
	</axis>
</animation>
<animation>
	<type>textranslate</type>
	<object-name>dem.4.press</object-name>
	<property>systems/hydraulic/demand-pump-pressure-low[3]</property>
	<factor>0.1084</factor>
	<axis>
		<x>1</x>
	</axis>
</animation>

<!-- demand pump rotaries -->

<animation>
	<type>knob</type>
	<object-name>dem_pump_sw.1</object-name>
	<property>controls/hydraulic/demand-pump[0]</property>
	<factor>-30</factor>
	<cursor>hand</cursor>
	<action>
		<binding>
			<command>nasal</command>
			<script>controls.click();</script>
		</binding>
	</action>
	<increase>
		<binding>
			<command>nasal</command>
			<script>hydraulic.hyd_sys[0].dem_sw(1)</script>
		</binding>
	</increase>
	<decrease>
		<binding>
			<command>nasal</command>
			<script>hydraulic.hyd_sys[0].dem_sw(-1)</script>
		</binding>
	</decrease>
	<center>
		<x-m>0.194</x-m><y-m>-0.333</y-m>
	</center>
	<axis>
		<z>1</z>
	</axis>
</animation>

<animation>
	<type>knob</type>
	<object-name>dem_pump_sw.2</object-name>
	<property>controls/hydraulic/demand-pump[1]</property>
	<factor>-30</factor>
	<cursor>hand</cursor>
	<action>
		<binding>
			<command>nasal</command>
			<script>controls.click();</script>
		</binding>
	</action>
	<increase>
		<binding>
			<command>nasal</command>
			<script>hydraulic.hyd_sys[1].dem_sw(1)</script>
		</binding>
	</increase>
	<decrease>
		<binding>
			<command>nasal</command>
			<script>hydraulic.hyd_sys[1].dem_sw(-1)</script>
		</binding>
	</decrease>
	<center>
		<x-m>0.194</x-m><y-m>-0.288</y-m>
	</center>
	<axis>
		<z>1</z>
	</axis>
</animation>

<animation>
	<type>knob</type>
	<object-name>dem_pump_sw.3</object-name>
	<property>controls/hydraulic/demand-pump[2]</property>
	<factor>-30</factor>
	<cursor>hand</cursor>
	<action>
		<binding>
			<command>nasal</command>
			<script>controls.click();</script>
		</binding>
	</action>
	<increase>
		<binding>
			<command>nasal</command>
			<script>hydraulic.hyd_sys[2].dem_sw(1)</script>
		</binding>
	</increase>
	<decrease>
		<binding>
			<command>nasal</command>
			<script>hydraulic.hyd_sys[2].dem_sw(-1)</script>
		</binding>
	</decrease>
	<center>
		<x-m>0.194</x-m><y-m>-0.232</y-m>
	</center>
	<axis>
		<z>1</z>
	</axis>
</animation>

<animation>
	<type>knob</type>
	<object-name>dem_pump_sw.4</object-name>
	<property>controls/hydraulic/demand-pump[3]</property>
	<interpolation>
		<entry>
			<ind>-1</ind>
			<dep>100</dep>
		</entry>
		<entry>
			<ind>0</ind>
			<dep>0</dep>
		</entry>
		<entry>
			<ind>1</ind>
			<dep>-30</dep>
		</entry>
		<entry>
			<ind>2</ind>
			<dep>-60</dep>
		</entry>
	</interpolation>
	<cursor>hand</cursor>
	<action>
		<binding>
			<command>nasal</command>
			<script>controls.click();</script>
		</binding>
	</action>
	<increase>
		<binding>
			<command>nasal</command>
			<script>hydraulic.hyd_sys[3].dem_sw(1)</script>
		</binding>
	</increase>
	<decrease>
		<binding>
			<command>nasal</command>
			<script>hydraulic.hyd_sys[3].dem_sw(-1)</script>
		</binding>
	</decrease>
	<center>
		<x-m>0.194</x-m><y-m>-0.186</y-m>
	</center>
	<axis>
		<z>1</z>
	</axis>
</animation>

<!-- engine driven pump switches & lights -->

<animation>
	<type>knob</type>
	<object-name>hyd.eng.1.l</object-name>
	<object-name>hyd.eng.1.u</object-name>
	<cursor>hand</cursor>
	<action>
		<button>1</button>
		<repeatable>false</repeatable>	
		<binding>
			<command>nasal</command>
			<script>hydraulic.hyd_sys[0].edp_sw()</script>
		</binding>
	</action>
</animation>
<animation>
	<type>textranslate</type>
	<object-name>hyd.eng.1.u</object-name>
	<property>controls/hydraulic/engine-pump[0]</property>
	<factor>0.0537</factor>
	<axis>
		<x>1</x>
	</axis>
</animation>
<animation>
	<type>textranslate</type>
	<object-name>hyd.eng.1.l</object-name>
	<property>systems/hydraulic/engine-pump-pressure-low[0]</property>
	<factor>0.1616</factor>
	<axis>
		<x>1</x>
	</axis>
</animation>
<animation>
	<type>translate</type>
	<object-name>hyd.eng.1.l</object-name>
	<object-name>hyd.eng.1.u</object-name>
	<property>controls/hydraulic/engine-pump[0]</property>
	<factor>0.0025</factor>
	<axis>
		<z>-1</z>
	</axis>
</animation>

<animation>
	<type>knob</type>
	<object-name>hyd.eng.2.l</object-name>
	<object-name>hyd.eng.2.u</object-name>
	<cursor>hand</cursor>
	<action>
		<button>1</button>
		<repeatable>false</repeatable>	
		<binding>
			<command>nasal</command>
			<script>hydraulic.hyd_sys[1].edp_sw()</script>
		</binding>
	</action>
</animation>
<animation>
	<type>textranslate</type>
	<object-name>hyd.eng.2.u</object-name>
	<property>controls/hydraulic/engine-pump[1]</property>
	<factor>0.0537</factor>
	<axis>
		<x>1</x>
	</axis>
</animation>
<animation>
	<type>textranslate</type>
	<object-name>hyd.eng.2.l</object-name>
	<property>systems/hydraulic/engine-pump-pressure-low[1]</property>
	<factor>0.1616</factor>
	<axis>
		<x>1</x>
	</axis>
</animation>
<animation>
	<type>translate</type>
	<object-name>hyd.eng.2.l</object-name>
	<object-name>hyd.eng.2.u</object-name>
	<property>controls/hydraulic/engine-pump[1]</property>
	<factor>0.0025</factor>
	<axis>
		<z>-1</z>
	</axis>
</animation>

<animation>
	<type>knob</type>
	<object-name>hyd.eng.3.l</object-name>
	<object-name>hyd.eng.3.u</object-name>
	<cursor>hand</cursor>
	<action>
		<button>1</button>
		<repeatable>false</repeatable>	
		<binding>
			<command>nasal</command>
			<script>hydraulic.hyd_sys[2].edp_sw()</script>
		</binding>
	</action>
</animation>
<animation>
	<type>textranslate</type>
	<object-name>hyd.eng.3.u</object-name>
	<property>controls/hydraulic/engine-pump[2]</property>
	<factor>0.0537</factor>
	<axis>
		<x>1</x>
	</axis>
</animation>
<animation>
	<type>textranslate</type>
	<object-name>hyd.eng.3.l</object-name>
	<property>systems/hydraulic/engine-pump-pressure-low[2]</property>
	<factor>0.1616</factor>
	<axis>
		<x>1</x>
	</axis>
</animation>
<animation>
	<type>translate</type>
	<object-name>hyd.eng.3.l</object-name>
	<object-name>hyd.eng.3.u</object-name>
	<property>controls/hydraulic/engine-pump[2]</property>
	<factor>0.0025</factor>
	<axis>
		<z>-1</z>
	</axis>
</animation>

<animation>
	<type>knob</type>
	<object-name>hyd.eng.4.l</object-name>
	<object-name>hyd.eng.4.u</object-name>
	<cursor>hand</cursor>
	<action>
		<button>1</button>
		<repeatable>false</repeatable>	
		<binding>
			<command>nasal</command>
			<script>hydraulic.hyd_sys[3].edp_sw()</script>
		</binding>
	</action>
</animation>
<animation>
	<type>textranslate</type>
	<object-name>hyd.eng.4.u</object-name>
	<property>controls/hydraulic/engine-pump[3]</property>
	<factor>0.0537</factor>
	<axis>
		<x>1</x>
	</axis>
</animation>
<animation>
	<type>textranslate</type>
	<object-name>hyd.eng.4.l</object-name>
	<property>systems/hydraulic/engine-pump-pressure-low[3]</property>
	<factor>0.1616</factor>
	<axis>
		<x>1</x>
	</axis>
</animation>
<animation>
	<type>translate</type>
	<object-name>hyd.eng.4.l</object-name>
	<object-name>hyd.eng.4.u</object-name>
	<property>controls/hydraulic/engine-pump[3]</property>
	<factor>0.0025</factor>
	<axis>
		<z>-1</z>
	</axis>
</animation>

<!-- Exterior lights -->

<animation>
	<type>knob</type>
	<object-name>light.inbd.l</object-name>
	<property>controls/lighting/landing-light-inbdl</property>
	<factor>-25</factor>
	<cursor>hand</cursor>
	<action>
		<binding>
			<command>property-toggle</command>
			<property>controls/lighting/landing-light-inbdl</property>
		</binding>
		<binding>
			<command>nasal</command>
			<script>controls.click();</script>
		</binding>
	</action>
	<center>
		<x-m>0.285</x-m><z-m>-0.014</z-m>
	</center>
	<axis>
		<y>1</y>
	</axis>
</animation>

<animation>
	<type>knob</type>
	<object-name>light.inbd.r</object-name>
	<property>controls/lighting/landing-light-inbdr</property>
	<factor>-25</factor>
	<cursor>hand</cursor>
	<action>
		<binding>
			<command>property-toggle</command>
			<property>controls/lighting/landing-light-inbdr</property>
		</binding>
		<binding>
			<command>nasal</command>
			<script>controls.click();</script>
		</binding>
	</action>
	<center>
		<x-m>0.285</x-m><z-m>-0.014</z-m>
	</center>
	<axis>
		<y>1</y>
	</axis>
</animation>

<animation>
	<type>knob</type>
	<object-name>light.outbd.l</object-name>
	<property>controls/lighting/landing-light-outbdl</property>
	<factor>-25</factor>
	<cursor>hand</cursor>
	<action>
		<binding>
			<command>property-toggle</command>
			<property>controls/lighting/landing-light-outbdl</property>
		</binding>
		<binding>
			<command>nasal</command>
			<script>controls.click();</script>
		</binding>
	</action>
	<center>
		<x-m>0.285</x-m><z-m>-0.014</z-m>
	</center>
	<axis>
		<y>1</y>
	</axis>
</animation>

<animation>
	<type>knob</type>
	<object-name>light.outbd.r</object-name>
	<property>controls/lighting/landing-light-outbdr</property>
	<factor>-25</factor>
	<cursor>hand</cursor>
	<action>
		<binding>
			<command>property-toggle</command>
			<property>controls/lighting/landing-light-outbdr</property>
		</binding>
		<binding>
			<command>nasal</command>
			<script>controls.click();</script>
		</binding>
	</action>
	<center>
		<x-m>0.285</x-m><z-m>-0.014</z-m>
	</center>
	<axis>
		<y>1</y>
	</axis>
</animation>

<animation>
	<type>knob</type>
	<object-name>light.rwy.l</object-name>
	<property>controls/lighting/turnoff-light-l</property>
	<factor>-25</factor>
	<cursor>hand</cursor>
	<action>
		<binding>
			<command>property-toggle</command>
			<property>controls/lighting/turnoff-light-l</property>
		</binding>
		<binding>
			<command>nasal</command>
			<script>controls.click();</script>
		</binding>
	</action>
	<center>
		<x-m>0.285</x-m><z-m>-0.014</z-m>
	</center>
	<axis>
		<y>1</y>
	</axis>
</animation>

<animation>
	<type>knob</type>
	<object-name>light.rwy.r</object-name>
	<property>controls/lighting/turnoff-light-r</property>
	<factor>-25</factor>
	<cursor>hand</cursor>
	<action>
		<binding>
			<command>property-toggle</command>
			<property>controls/lighting/turnoff-light-r</property>
		</binding>
		<binding>
			<command>nasal</command>
			<script>controls.click();</script>
		</binding>
	</action>
	<center>
		<x-m>0.285</x-m><z-m>-0.014</z-m>
	</center>
	<axis>
		<y>1</y>
	</axis>
</animation>

<animation>
	<type>knob</type>
	<object-name>light.beacon</object-name>
	<property>controls/lighting/beacon</property>
	<factor>-25</factor>
	<cursor>hand</cursor>
	<action>
		<binding>
			<command>property-toggle</command>
			<property>controls/lighting/beacon</property>
		</binding>
		<binding>
			<command>nasal</command>
			<script>controls.click();</script>
		</binding>
	</action>
	<center>
		<x-m>0.284</x-m><z-m>-0.014</z-m>
	</center>
	<axis>
		<y>1</y>
	</axis>
</animation>

<animation>
	<type>knob</type>
	<object-name>light.nav</object-name>
	<property>controls/lighting/nav</property>
	<factor>-25</factor>
	<cursor>hand</cursor>
	<action>
		<binding>
			<command>property-toggle</command>
			<property>controls/lighting/nav</property>
		</binding>
		<binding>
			<command>nasal</command>
			<script>controls.click();</script>
		</binding>
	</action>
	<center>
		<x-m>0.284</x-m><z-m>-0.014</z-m>
	</center>
	<axis>
		<y>1</y>
	</axis>
</animation>

<animation>
	<type>knob</type>
	<object-name>light.strobe</object-name>
	<property>controls/lighting/strobe</property>
	<factor>-25</factor>
	<cursor>hand</cursor>
	<action>
		<binding>
			<command>property-toggle</command>
			<property>controls/lighting/strobe</property>
		</binding>
		<binding>
			<command>nasal</command>
			<script>controls.click();</script>
		</binding>
	</action>
	<center>
		<x-m>0.284</x-m><z-m>-0.014</z-m>
	</center>
	<axis>
		<y>1</y>
	</axis>
</animation>

<animation>
	<type>knob</type>
	<object-name>light.logo</object-name>
	<property>controls/lighting/logo</property>
	<factor>-25</factor>
	<cursor>hand</cursor>
	<action>
		<binding>
			<command>property-toggle</command>
			<property>controls/lighting/logo</property>
		</binding>
		<binding>
			<command>nasal</command>
			<script>controls.click();</script>
		</binding>
	</action>
	<center>
		<x-m>0.284</x-m><z-m>-0.014</z-m>
	</center>
	<axis>
		<y>1</y>
	</axis>
</animation>

<animation>
	<type>knob</type>
	<object-name>light.glare.flood</object-name>
	<property>/controls/lighting/panel-glareshield-norm</property>
	<factor>360</factor>
	<action>
		<repeatable>true</repeatable>  
		<binding>
			<command>property-adjust</command>
			<property>/controls/lighting/panel-glareshield-norm</property>
			<factor>-0.05</factor>
			<min>0</min>
			<max>1</max>
		</binding>
	</action>
	<center>
		<x-m>0.284</x-m><y-m>-0.223</y-m>
	</center>
	<axis>
		<z>-1</z>
	</axis>
</animation>

<animation>
	<type>knob</type>
	<object-name>light.ovhd</object-name>
	<property>/controls/lighting/panel-overhead-norm</property>
	<factor>360</factor>
	<action>
		<repeatable>true</repeatable>  
		<binding>
			<command>property-adjust</command>
			<property>/controls/lighting/panel-overhead-norm</property>
			<factor>-0.05</factor>
			<min>0</min>
			<max>1</max>
		</binding>
	</action>
	<center>
		<x-m>0.284</x-m><y-m>-0.285</y-m>
	</center>
	<axis>
		<z>-1</z>
	</axis>
</animation>

</PropertyList>