<PropertyList>

<path>yokes.ac</path>

<model>
	<name>EFB1</name>
	<path>Aircraft/747-400/Models/Cockpit/Instruments/EFB/EFB.xml</path>
	<offsets>
		<x-m> 1.063</x-m>
		<y-m>-0.533</y-m>
		<z-m> 0.765</z-m>
		<pitch-deg>-8</pitch-deg>
	</offsets>
</model>

<model>
	<name>EFB2</name>
	<path>Aircraft/747-400/Models/Cockpit/Instruments/EFB/EFB.xml</path>
	<offsets>
		<x-m>1.063</x-m>
		<y-m>0.533</y-m>
		<z-m>0.765</z-m>
		<pitch-deg>-8</pitch-deg>
	</offsets>
</model>

<!-- CAPTAIN -->
	
<animation>
	<type>rotate</type>
	<object-name>left_chart</object-name>
	<object-name>left_column</object-name>
	<object-name>left_yoke</object-name>
	<object-name>EFB1</object-name>
	<property>controls/flight/elevator</property>
	<factor>12.5</factor>
	<center>
		<x-m> 1.10</x-m>
		<y-m>-0.533</y-m>
		<z-m>-0.025</z-m>
	</center>
	<axis>
		<x> 0.0</x>
		<y>-1.0</y>
		<z> 0.0</z>
	</axis>
</animation>

<animation>
	<type>rotate</type>
	<object-name>left_chart</object-name>
	<object-name>left_yoke</object-name>
	<object-name>EFB1</object-name>
	<property>controls/flight/aileron</property>
	<factor>88</factor>
	<center>
		<x-m> 1.048</x-m>
		<y-m>-0.533</y-m>
		<z-m> 0.724</z-m>
	</center>
	<axis>
		<x>-1.0</x>
		<y> 0.0</y>
		<z> 0.0</z>
	</axis>
</animation>

<!-- FIRST OFFICER -->

<animation>
	<type>rotate</type>
	<object-name>right_chart</object-name>
	<object-name>right_column</object-name>
	<object-name>right_yoke</object-name>
	<object-name>EFB2</object-name>
	<property>controls/flight/elevator</property>
	<factor>12.5</factor>
	<center>
		<x-m> 1.10</x-m>
		<y-m> 0.533</y-m>
		<z-m>-0.025</z-m>
	</center>
	<axis>
		<x> 0.0</x>
		<y>-1.0</y>
		<z> 0.0</z>
	</axis>
</animation>
	
<animation>
	<type>rotate</type>
	<object-name>right_chart</object-name>
	<object-name>right_yoke</object-name>
	<object-name>EFB2</object-name>
	<property>controls/flight/aileron</property>
	<factor>88</factor>
	<center>
		<x-m>1.048</x-m>
		<y-m>0.533</y-m>
		<z-m>0.724</z-m>
	</center>
	<axis>
		<x>-1.0</x>
		<y> 0.0</y>
		<z> 0.0</z>
	</axis>
</animation>

<!-- PEDALS -->

<animation>
	<type>translate</type>
	<object-name>pedals_l</object-name>
	<property>controls/flight/rudder</property>
	<factor>0.06</factor>
	<axis>
		<x>1.0</x>
		<y>0.0</y>
		<z>0.0</z>
	</axis>
</animation>

<animation>
	<type>translate</type>
	<object-name>pedals_r</object-name>
	<property>controls/flight/rudder</property>
	<factor>-0.06</factor>
	<axis>
		<x>1.0</x>
		<y>0.0</y>
		<z>0.0</z>
	</axis>
</animation>

<animation>
	<type>rotate</type>
	<object-name>pedals_l</object-name>
	<property>controls/gear/brake-left</property>
	<factor>-10</factor>
	<axis>
		<x>0.0</x>
		<y>1.0</y>
		<z>0.0</z>
	</axis>
	<center>
		<x-m>0.757</x-m>
		<y-m>0</y-m>
		<z-m>0.057</z-m>
	</center>
</animation>

<animation>
	<type>rotate</type>
	<object-name>pedals_r</object-name>
	<property>controls/gear/brake-right</property>
	<factor>-10</factor>
	<axis>
		<x>0.0</x>
		<y>1.0</y>
		<z>0.0</z>
	</axis>
	<center>
		<x-m>0.757</x-m>
		<y-m>0</y-m>
		<z-m>0.057</z-m>
	</center>
</animation>

<animation>
	<type>pick</type>
	<object-name>left_chart</object-name>
	<object-name>right_chart</object-name>
	<action>
		<button>0</button>
		<binding>
			<command>nasal</command>
			<script>
				var mal = gui.Dialog.new("/sim/gui/dialogs/Boeing747/menu/dialog","Aircraft/747-400/Dialogs/yokechart-dialog.xml");
				mal.open();
			</script>
		</binding>
	</action>
</animation>

</PropertyList>

