<?xml version="1.0"?>
<PropertyList>

<path>GE_CF6-80C2B1F.ac</path>

<animation> 
	<type>material</type> 
	<object-name>engine_body</object-name>
	<object-name>engine_reverser</object-name>
	<property-base>sim/model/livery</property-base> 
	<texture-prop>texture</texture-prop> 
	<texture>BOE.png</texture> 
</animation>

<effect>
	<inherits-from>Effects/747-400</inherits-from>
	<object-name>engine_body</object-name>
	<object-name>engine_reverser</object-name>
	<object-name>engine_chrome</object-name>
</effect>

<animation>
	<type>spin</type>
	<object-name>Blades</object-name>
	<object-name>Cone</object-name>
	<property alias="../../params/n1"/>
	<center>
		<x-m>0</x-m>
		<y-m>0</y-m>
		<z-m>0</z-m>
	</center>
	<axis>
		<x>-1.0</x>
		<y>0</y>
		<z>0</z>
	</axis>
</animation>

<animation>
	<type>translate</type>
	<object-name>engine_reverser</object-name>
	<property>engines/engine/reverser-pos-norm</property>
	<factor>0.6</factor>
	<axis>
		<x>1</x>
		<y>0</y>
		<z>0</z>
	</axis>
</animation>

</PropertyList>
