<?xml version="1.0"?>


<PropertyList>
    <name>Airport Chart</name>
    <background>Aircraft/747-400/Models/Cockpit/Instruments/EFB/transparent.png</background>
    <w>512</w>
    <h>684</h>

    <instruments>

        <instrument include="airport-display.xml">
            <name>Chart</name>
            <x>256</x>
            <y>342</y>
            <w>512</w>
            <h>512</h>
        </instrument>


        <instrument include="charttext.xml">
            <name>Text</name>
            <x>256</x>
            <y>342</y>
            <w>512</w>
            <h>684</h>
        </instrument>
 
    </instruments>

</PropertyList>