<!--
Syd Adams
777-200 Navigation display
-->

<PropertyList>

    <panel>
        <path>Aircraft/747-400/Models/Cockpit/Instruments/EFB/chart.xml</path>
        <bottom-left>
            <x-m> 0.01</x-m>
            <y-m>-0.065</y-m>
            <z-m>-0.22</z-m>
        </bottom-left>
        <bottom-right>
            <x-m> 0.01</x-m>
            <y-m> 0.065</y-m>
            <z-m>-0.22</z-m>
        </bottom-right>
        <top-left>
            <x-m> 0.01</x-m>
            <y-m>-0.065</y-m>
            <z-m>-0.02</z-m>
        </top-left>
    </panel>

</PropertyList>