<?xml version="1.0"?>

<PropertyList>
	<name>payload</name>
	<layout>vbox</layout>
	<draggable>true</draggable>
	<resizable>true</resizable>

	<group>
		<layout>hbox</layout>
		<empty>
			<stretch>1</stretch>
		</empty>
		
		<text>
			<label>Fuel and Payload</label>
		</text>

		<empty>
			<stretch>true</stretch>
		</empty>

		<button>
			<legend/>
			<key>Esc</key>
			<pref-width>16</pref-width>
			<pref-height>16</pref-height>
			<border>2</border>
			<binding>
				<command>dialog-close</command>
			</binding>
		</button>
	</group>

	<hrule/>
	
	<group>
		<layout>hbox</layout>
		<group>
			<layout>vbox</layout>
			<text>
				<label>Load well-balanced fuel</label>
			</text>
			<group>
				<layout>table</layout>
				<text>
					<row>0</row>
					<col>0</col>
					<label>Fuel</label>
					<halign>left</halign>
				</text>
				<slider>
					<name>fuel-to-load</name>
					<row>0</row>
					<col>1</col>
					<min>0</min>
					<max>173460</max>
					<step>10.0</step>
					<live>true</live>
					<property>/consumables/fuel-weight-to-load-kg</property>
					<binding>
						<command>dialog-apply</command>
						<object-name>fuel-to-load</object-name>
					</binding>
					<binding>
						<command>nasal</command>
						<script>Boeing747.fillFuel();</script>
					</binding>
				</slider>
				<text>
					<row>0</row>
					<col>2</col>
					<label>12345678</label>
					<format>%.0f kg</format>
					<live>true</live>
					<property>/consumables/fuel-weight-to-load-kg</property>
				</text>
			</group>
			
			<group>
				<layout>hbox</layout>
				<text>
					<label>Max</label>
				</text>
				<button>
					<legend>Landing</legend>
					<binding>
						<command>property-assign</command>
						<property>/consumables/fuel-weight-to-load-kg</property>
						<value>53100</value>
					</binding>
					<binding>
						<command>nasal</command>
						<script>Boeing747.fillFuel();</script>
					</binding>
				</button>
				<button>
					<legend>Takeoff</legend>
					<binding>
						<command>property-assign</command>
						<property>/consumables/fuel-weight-to-load-kg</property>
						<value>164100</value>
					</binding>
					<binding>
						<command>nasal</command>
						<script>Boeing747.fillFuel();</script>
					</binding>
				</button>
			</group>
			
			<hrule/>
			
			<text>
				<label>Adjust fuel levels.</label>
			</text>
			<text>
				<label>Remember to check the balance!</label>
				<color>
					<red>1</red>
					<green>0.6</green>
					<blue>0.6</blue>
				</color>
			</text>
			<group>
				<layout>table</layout>
				<text>
					<row>0</row>
					<col>0</col>
					<label>Main #4</label>
					<format>%s</format>
					<live>true</live>
					<property>/consumables/fuel/tank[0]/name</property>
				</text>
				<slider>
					<name>fuel-tank-0</name>
					<row>0</row>
					<col>1</col>
					<min>0</min>
					<max>114972</max>
					<step>1.0</step>
					<live>true</live>
					<property>/consumables/fuel/tank[0]/level-lbs</property>
					<binding>
						<command>dialog-apply</command>
						<object-name>fuel-tank-0</object-name>
					</binding>
				</slider>
				<text>
					<row>0</row>
					<col>2</col>
					<label>12345678</label>
					<format>%.0f</format>
					<live>true</live>
					<property>/fdm/jsbsim/propulsion/tank[0]/contents-kg</property>
				</text>
				<text>
					<row>1</row>
					<col>0</col>
					<label>Main #4</label>
					<format>%s</format>
					<live>true</live>
					<property>/consumables/fuel/tank[1]/name</property>
				</text>
				<slider>
					<name>fuel-tank-1</name>
					<row>1</row>
					<col>1</col>
					<min>0</min>
					<max>29694.4</max>
					<step>1.0</step>
					<live>true</live>
					<property>/consumables/fuel/tank[1]/level-lbs</property>
					<binding>
						<command>dialog-apply</command>
						<object-name>fuel-tank-1</object-name>
					</binding>
				</slider>
				<text>
					<row>1</row>
					<col>2</col>
					<label>12345678</label>
					<format>%.0f</format>
					<live>true</live>
					<property>/fdm/jsbsim/propulsion/tank[1]/contents-kg</property>
				</text>
				<text>
					<row>2</row>
					<col>0</col>
					<label>Main #4</label>
					<format>%s</format>
					<live>true</live>
					<property>/consumables/fuel/tank[2]/name</property>
				</text>
				<slider>
					<name>fuel-tank-2</name>
					<row>2</row>
					<col>1</col>
					<min>0</min>
					<max>84058.0</max>
					<step>1.0</step>
					<live>true</live>
					<property>/consumables/fuel/tank[2]/level-lbs</property>
					<binding>
						<command>dialog-apply</command>
						<object-name>fuel-tank-2</object-name>
					</binding>
				</slider>
				<text>
					<row>2</row>
					<col>2</col>
					<label>12345678</label>
					<format>%.0f</format>
					<live>true</live>
					<property>/fdm/jsbsim/propulsion/tank[2]/contents-kg</property>
				</text>
				<text>
					<row>3</row>
					<col>0</col>
					<label>Main #4</label>
					<format>%s</format>
					<live>true</live>
					<property>/consumables/fuel/tank[3]/name</property>
				</text>
				<slider>
					<name>fuel-tank-3</name>
					<row>3</row>
					<col>1</col>
					<min>0</min>
					<max>84058.0</max>
					<step>1.0</step>
					<live>true</live>
					<property>/consumables/fuel/tank[3]/level-lbs</property>
					<binding>
						<command>dialog-apply</command>
						<object-name>fuel-tank-3</object-name>
					</binding>
				</slider>
				<text>
					<row>3</row>
					<col>2</col>
					<label>12345678</label>
					<format>%.0f</format>
					<live>true</live>
					<property>/fdm/jsbsim/propulsion/tank[3]/contents-kg</property>
				</text>
				<text>
					<row>4</row>
					<col>0</col>
					<label>Main #4</label>
					<format>%s</format>
					<live>true</live>
					<property>/consumables/fuel/tank[4]/name</property>
				</text>
				<slider>
					<name>fuel-tank-4</name>
					<row>4</row>
					<col>1</col>
					<min>0</min>
					<max>29694.4</max>
					<step>1.0</step>
					<live>true</live>
					<property>/consumables/fuel/tank[4]/level-lbs</property>
					<binding>
						<command>dialog-apply</command>
						<object-name>fuel-tank-4</object-name>
					</binding>
				</slider>
				<text>
					<row>4</row>
					<col>2</col>
					<label>12345678</label>
					<format>%.0f</format>
					<live>true</live>
					<property>/fdm/jsbsim/propulsion/tank[4]/contents-kg</property>
				</text>
				<text>
					<row>5</row>
					<col>0</col>
					<label>Main #4</label>
					<format>%s</format>
					<live>true</live>
					<property>/consumables/fuel/tank[5]/name</property>
				</text>
				<slider>
					<name>fuel-tank-5</name>
					<row>5</row>
					<col>1</col>
					<min>0</min>
					<max>8857.4</max>
					<step>1.0</step>
					<live>true</live>
					<property>/consumables/fuel/tank[5]/level-lbs</property>
					<binding>
						<command>dialog-apply</command>
						<object-name>fuel-tank-5</object-name>
					</binding>
				</slider>
				<text>
					<row>5</row>
					<col>2</col>
					<label>12345678</label>
					<format>%.0f</format>
					<live>true</live>
					<property>/fdm/jsbsim/propulsion/tank[5]/contents-kg</property>
				</text>
				<text>
					<row>6</row>
					<col>0</col>
					<label>Main #4</label>
					<format>%s</format>
					<live>true</live>
					<property>/consumables/fuel/tank[6]/name</property>
				</text>
				<slider>
					<name>fuel-tank-6</name>
					<row>6</row>
					<col>1</col>
					<min>0</min>
					<max>8857.4</max>
					<step>1.0</step>
					<live>true</live>
					<property>/consumables/fuel/tank[6]/level-lbs</property>
					<binding>
						<command>dialog-apply</command>
						<object-name>fuel-tank-6</object-name>
					</binding>
				</slider>
				<text>
					<row>6</row>
					<col>2</col>
					<label>12345678</label>
					<format>%.0f</format>
					<live>true</live>
					<property>/fdm/jsbsim/propulsion/tank[6]/contents-kg</property>
				</text>
				<text>
					<row>7</row>
					<col>0</col>
					<label>Main #4</label>
					<format>%s</format>
					<live>true</live>
					<property>/consumables/fuel/tank[7]/name</property>
				</text>
				<slider>
					<name>fuel-tank-7</name>
					<row>7</row>
					<col>1</col>
					<min>0</min>
					<max>22110.0</max>
					<step>1.0</step>
					<live>true</live>
					<property>/consumables/fuel/tank[7]/level-lbs</property>
					<binding>
						<command>dialog-apply</command>
						<object-name>fuel-tank-7</object-name>
					</binding>
				</slider>
				<text>
					<row>7</row>
					<col>2</col>
					<label>12345678</label>
					<format>%.0f</format>
					<live>true</live>
					<property>/fdm/jsbsim/propulsion/tank[7]/contents-kg</property>
				</text>
			</group>
		</group>
		<vrule/>
		<group>
			<layout>vbox</layout>
			<group>
				<layout>table</layout>
				<text>
					<row>0</row>
					<col>0</col>
					<label>Passengers ABC (upper)</label>
					<format>%s</format>
					<live>true</live>
					<property>/payload/weight[0]/name</property>
				</text>
				<slider>
					<name>weight-0</name>
					<row>0</row>
					<col>1</col>
					<min>0</min>
					<max>9100</max>
					<step>1.0</step>
					<live>true</live>
					<property>/payload/weight[0]/weight-lb</property>
					<binding>
						<command>dialog-apply</command>
						<object-name>weight-0</object-name>
					</binding>
				</slider>
				<text>
					<row>0</row>
					<col>2</col>
					<label>12345678</label>
					<format>%.0f lb</format>
					<live>true</live>
					<property>/payload/weight[0]/weight-lb</property>
				</text>
				<text>
					<row>1</row>
					<col>0</col>
					<label>Passengers ABC (upper)</label>
					<format>%s</format>
					<live>true</live>
					<property>/payload/weight[1]/name</property>
				</text>
				<slider>
					<name>weight-1</name>
					<row>1</row>
					<col>1</col>
					<min>0</min>
					<max>6300</max>
					<step>1.0</step>
					<live>true</live>
					<property>/payload/weight[1]/weight-lb</property>
					<binding>
						<command>dialog-apply</command>
						<object-name>weight-1</object-name>
					</binding>
				</slider>
				<text>
					<row>1</row>
					<col>2</col>
					<label>12345678</label>
					<format>%.0f lb</format>
					<live>true</live>
					<property>/payload/weight[1]/weight-lb</property>
				</text>
				<text>
					<row>2</row>
					<col>0</col>
					<label>Passengers ABC (upper)</label>
					<format>%s</format>
					<live>true</live>
					<property>/payload/weight[2]/name</property>
				</text>
				<slider>
					<name>weight-2</name>
					<row>2</row>
					<col>1</col>
					<min>0</min>
					<max>13825</max>
					<step>1.0</step>
					<live>true</live>
					<property>/payload/weight[2]/weight-lb</property>
					<binding>
						<command>dialog-apply</command>
						<object-name>weight-2</object-name>
					</binding>
				</slider>
				<text>
					<row>2</row>
					<col>2</col>
					<label>12345678</label>
					<format>%.0f lb</format>
					<live>true</live>
					<property>/payload/weight[2]/weight-lb</property>
				</text>
				<text>
					<row>3</row>
					<col>0</col>
					<label>Passengers ABC (upper)</label>
					<format>%s</format>
					<live>true</live>
					<property>/payload/weight[3]/name</property>
				</text>
				<slider>
					<name>weight-3</name>
					<row>3</row>
					<col>1</col>
					<min>0</min>
					<max>19250</max>
					<step>1.0</step>
					<live>true</live>
					<property>/payload/weight[3]/weight-lb</property>
					<binding>
						<command>dialog-apply</command>
						<object-name>weight-3</object-name>
					</binding>
				</slider>
				<text>
					<row>3</row>
					<col>2</col>
					<label>12345678</label>
					<format>%.0f lb</format>
					<live>true</live>
					<property>/payload/weight[3]/weight-lb</property>
				</text>
				<text>
					<row>4</row>
					<col>0</col>
					<label>Passengers ABC (upper)</label>
					<format>%s</format>
					<live>true</live>
					<property>/payload/weight[4]/name</property>
				</text>
				<slider>
					<name>weight-4</name>
					<row>4</row>
					<col>1</col>
					<min>0</min>
					<max>18550</max>
					<step>1.0</step>
					<live>true</live>
					<property>/payload/weight[4]/weight-lb</property>
					<binding>
						<command>dialog-apply</command>
						<object-name>weight-4</object-name>
					</binding>
				</slider>
				<text>
					<row>4</row>
					<col>2</col>
					<label>12345678</label>
					<format>%.0f lb</format>
					<live>true</live>
					<property>/payload/weight[4]/weight-lb</property>
				</text>
				<text>
					<row>5</row>
					<col>0</col>
					<label>Passengers ABC (upper)</label>
					<format>%s</format>
					<live>true</live>
					<property>/payload/weight[5]/name</property>
				</text>
				<slider>
					<name>weight-5</name>
					<row>5</row>
					<col>1</col>
					<min>0</min>
					<max>26950</max>
					<step>1.0</step>
					<live>true</live>
					<property>/payload/weight[5]/weight-lb</property>
					<binding>
						<command>dialog-apply</command>
						<object-name>weight-5</object-name>
					</binding>
				</slider>
				<text>
					<row>5</row>
					<col>2</col>
					<label>12345678</label>
					<format>%.0f lb</format>
					<live>true</live>
					<property>/payload/weight[5]/weight-lb</property>
				</text>
				<text>
					<row>6</row>
					<col>0</col>
					<label>Passengers ABC (upper)</label>
					<format>%s</format>
					<live>true</live>
					<property>/payload/weight[6]/name</property>
				</text>
				<slider>
					<name>weight-6</name>
					<row>6</row>
					<col>1</col>
					<min>0</min>
					<max>21000</max>
					<step>1.0</step>
					<live>true</live>
					<property>/payload/weight[6]/weight-lb</property>
					<binding>
						<command>dialog-apply</command>
						<object-name>weight-6</object-name>
					</binding>
				</slider>
				<text>
					<row>6</row>
					<col>2</col>
					<label>12345678</label>
					<format>%.0f lb</format>
					<live>true</live>
					<property>/payload/weight[6]/weight-lb</property>
				</text>
				<text>
					<row>7</row>
					<col>0</col>
					<label>Passengers ABC (upper)</label>
					<format>%s</format>
					<live>true</live>
					<property>/payload/weight[7]/name</property>
				</text>
				<slider>
					<name>weight-7</name>
					<row>7</row>
					<col>1</col>
					<min>0</min>
					<max>35000</max>
					<step>1.0</step>
					<live>true</live>
					<property>/payload/weight[7]/weight-lb</property>
					<binding>
						<command>dialog-apply</command>
						<object-name>weight-7</object-name>
					</binding>
				</slider>
				<text>
					<row>7</row>
					<col>2</col>
					<label>12345678</label>
					<format>%.0f lb</format>
					<live>true</live>
					<property>/payload/weight[7]/weight-lb</property>
				</text>
				<text>
					<row>8</row>
					<col>0</col>
					<label>Passengers ABC (upper)</label>
					<format>%s</format>
					<live>true</live>
					<property>/payload/weight[8]/name</property>
				</text>
				<slider>
					<name>weight-8</name>
					<row>8</row>
					<col>1</col>
					<min>0</min>
					<max>21000</max>
					<step>1.0</step>
					<live>true</live>
					<property>/payload/weight[8]/weight-lb</property>
					<binding>
						<command>dialog-apply</command>
						<object-name>weight-8</object-name>
					</binding>
				</slider>
				<text>
					<row>8</row>
					<col>2</col>
					<label>12345678</label>
					<format>%.0f lb</format>
					<live>true</live>
					<property>/payload/weight[8]/weight-lb</property>
				</text>
				<text>
					<row>9</row>
					<col>0</col>
					<label>Passengers ABC (upper)</label>
					<format>%s</format>
					<live>true</live>
					<property>/payload/weight[9]/name</property>
				</text>
				<slider>
					<name>weight-9</name>
					<row>9</row>
					<col>1</col>
					<min>0</min>
					<max>28000</max>
					<step>1.0</step>
					<live>true</live>
					<property>/payload/weight[9]/weight-lb</property>
					<binding>
						<command>dialog-apply</command>
						<object-name>weight-9</object-name>
					</binding>
				</slider>
				<text>
					<row>9</row>
					<col>2</col>
					<label>12345678</label>
					<format>%.0f lb</format>
					<live>true</live>
					<property>/payload/weight[9]/weight-lb</property>
				</text>
				<text>
					<row>10</row>
					<col>0</col>
					<label>Passengers ABC (upper)</label>
					<format>%s</format>
					<live>true</live>
					<property>/payload/weight[10]/name</property>
				</text>
				<slider>
					<name>weight-10</name>
					<row>10</row>
					<col>1</col>
					<min>0</min>
					<max>7000</max>
					<step>1.0</step>
					<live>true</live>
					<property>/payload/weight[10]/weight-lb</property>
					<binding>
						<command>dialog-apply</command>
						<object-name>weight-10</object-name>
					</binding>
				</slider>
				<text>
					<row>10</row>
					<col>2</col>
					<label>12345678</label>
					<format>%.0f lb</format>
					<live>true</live>
					<property>/payload/weight[10]/weight-lb</property>
				</text>
			</group>
			<hrule/>
			<group>
				<layout>table</layout>
				<text>
					<row>1</row>
					<col>0</col>
					<label>Gross weight</label>
				</text>
				<text>
					<row>1</row>
					<col>1</col>
					<label>12345678</label>
					<format>%.0f kg</format>
					<live>true</live>
					<property>/fdm/jsbsim/inertia/weight-kg</property>
				</text>
				<text>
					<row>0</row>
					<col>0</col>
					<label>Zero fuel weight</label>
				</text>
				<text>
					<row>0</row>
					<col>1</col>
					<label>12345678</label>
					<format>%.0f kg</format>
					<live>true</live>
					<property>/fdm/jsbsim/inertia/zero-fuel-weight-kg</property>
				</text>
				<text>
					<row>0</row>
					<col>2</col>
					<label>(max: 246075 kg)</label>
				</text>
			</group>
		</group>
	</group>

</PropertyList>