<?xml version="1.0"?>

<PropertyList>

<path>light-logo.ac</path>

<animation>
	<type>light</type>
	<light-type>spot</light-type>
	<name>LightSrcLeft</name>
	<object-name>Cone</object-name>
	<position>
		<x>0</x>
		<y>0</y>
		<z>0</z>
	</position>
	<direction>
		<x>0</x>
		<y>-1</y>
		<z>0.2</z>
	</direction>
	<ambient>
		<r>0.03</r>
		<g>0.03</g>
		<b>0.03</b>
		<a>1.0</a>
	</ambient>
	<diffuse>
		<r>0.7</r>
		<g>0.7</g>
		<b>0.6</b>
		<a>1.0</a>
	</diffuse>
	<specular>
		<r>0.7</r>
		<g>0.7</g>
		<b>0.7</b>
		<a>1.0</a>
	</specular>
	<attenuation>
		<c>1.0</c>
		<l>0.002</l>
		<q>0.0005</q>
	</attenuation>
	<exponent>2.0</exponent>
	<near-m>0.1</near-m>
	<far-m>20</far-m>
	<cutoff>90</cutoff>
	<nopreview/>
</animation>

<animation>
	<type>select</type>
	<object-name>LightSrcLeft</object-name>
	<condition>
		<and>
			<property>/controls/lighting/logo</property>
			<property>/sim/rendering/rembrandt/enabled</property> 
		</and>
	</condition>
</animation>
  
</PropertyList>