<!--
Gijs de Rooy
747-400 FMC 
-->

<PropertyList>

    <panel>
        <path>Aircraft/747-400/Models/Cockpit/Instruments/FMC/text-panel.xml</path>
        <bottom-left>
            <x-m>0.004</x-m>
            <y-m>-0.090</y-m>
            <z-m>-0.087</z-m>
        </bottom-left>
        <bottom-right>
            <x-m>0.004</x-m>
            <y-m>0.090</y-m>
            <z-m>-0.087</z-m>
        </bottom-right>
        <top-left>
            <x-m>0.004</x-m>
            <y-m>-0.090</y-m>
            <z-m>0.094</z-m>
        </top-left>
    </panel>

</PropertyList>