<?xml version="1.0"?>
<PropertyList>
    
    <logic>
        <name>Disabled state</name>
        <!-- ensure output is consistent when no mode is selected-->
        <enable>
            <condition>
                <or>
                <equals>
                    <property>/autopilot/autobrake/step</property>
                    <value>0</value> <!-- DISARM -->
                </equals>
                <equals>
                    <property>/autopilot/autobrake/step</property>
                    <value>-1</value> <!-- OFF -->
                </equals>
                </or>
            </condition>
        </enable>
        <input><false/></input>
        <output>/autopilot/autobrake/engaged</output>
    </logic>
    
    <logic>
        <name>RTO selected</name>
        <input>
            <equals>
                <property>/autopilot/autobrake/step</property>
                <value>-2</value>
            </equals>
        </input>
        <output>/autopilot/autobrake/rto-selected</output>
    </logic>
    
    <logic>
        <name>Autobrake Selected</name>
        <input>
            <greater-than>
                <property>/autopilot/autobrake/step</property>
                <value>0</value>
            </greater-than>
        </input>
        <output>/autopilot/autobrake/selected</output>
    </logic>
    
    <logic>
        <name>Throttles At Idle</name>
         <input>
            <!-- engine 0 -->
            <and>
            <or>
                <less-than>
                    <property>/controls/engines/engine[0]/throttle</property>
                    <property>/autopilot/autobrake/config/idle-throttle</property>
                </less-than>
                <property>/controls/engines/engine[0]/reverser</property>
            </or>
           <!-- engine 1 -->    
            <or>
                <less-than>
                    <property>/controls/engines/engine[1]/throttle</property>
                    <property>/autopilot/autobrake/config/idle-throttle</property>
                </less-than>
                <property>/controls/engines/engine[1]/reverser</property>
            </or>
            </and>
        </input>
        <output>/autopilot/autobrake/throttles-at-idle</output>
    </logic>

    <logic>
        <name>Airborne</name>
        <input>
            <not><property>/gear/gear/wow</property></not>
        </input>
        <output>/autopilot/autobrake/airborne</output>
    </logic>

    <logic>
        <name>High-speed</name>
        <input>
            <greater-than>
                <property>/instrumentation/airspeed-indicator/indicated-speed-kt</property>
                <value>85</value>
            </greater-than>
        </input>
        <output>/autopilot/autobrake/above-85-kts</output>
    </logic>
    

    <!-- pilot brake input -->
    <logic>
        <name>Pilot Input</name>
        <input>
            <less-than>
                <property>/autopilot/autobrake/config/pilot-input</property>
               <expression>
                    <max>
                        <property>/controls/gear/brake-left</property>
                        <property>/controls/gear/brake-right</property>
                        <property>/controls/gear/copilot-brake-left</property>
                        <property>/controls/gear/copilot-brake-right</property>
                    </max>
                </expression>          
            </less-than>
        </input>
        <output>/autopilot/autobrake/pilot-input</output>
    </logic>

    <logic>
        <name>Pitch Up Check</name>
        <!-- 
        'If MAX is selected, deceleration level 4 is applied until the pitch angle is less than one degree.'
        measuring pitch is tricky, so let's use nose-gear WoW instead
        -->
        <input>
            <not><property>/gear/gear[1]/wow</property></not>
        </input>
        <output>/autopilot/autobrake/pitch-up-1deg</output>
    </logic>

    <flipflop>
        <name>Autobrake Engage logic</name>
        <debug>true</debug>
        <type>RS</type>
        <enable>
            <condition>
            <and>
                <property>/autopilot/autobrake/selected</property>
                <not><property>/autopilot/autobrake/rto-selected</property></not>
            </and>
            </condition>
        </enable>
        
        <S>
            <and>
                <property>/autopilot/autobrake/throttles-at-idle</property>
                <not><property>/autopilot/autobrake/airborne</property></not>
            </and>
        </S>
        <R>
            <false/>
        </R>
        <output>/autopilot/autobrake/engaged</output>
    </flipflop>

    <filter>
        <name>RTO cancel logic</name>
        <type>gain</type>
        <gain>1.0</gain>
        <!-- from the Continental manual 
        When the autobrake system disarms during takeoff, the autobrake 
        selector remains in the RTO position, but automatically moves to 
        OFF after takeoff.
        
        Let's use AGL to simulate 'after takeoff' for the moment
        -->
        <debug>true</debug>
 
        <enable>
            <condition>
                <property>/autopilot/autobrake/rto-selected</property>
                <property>/autopilot/autobrake/airborne</property>
                <greater-than>
                    <property>position/altitude-agl-ft</property>
                    <value>100</value>
                </greater-than>
            </condition>
        </enable>
        
        <input><value>-1</value></input> <!-- move to 'off' -->
        <output>/autopilot/autobrake/step</output>
    </filter>
    
    <flipflop>
        <name>RTO engage logic</name>
        <type>RS</type>
        <debug>false</debug>
        <enable>
            <condition>
            <property>/autopilot/autobrake/rto-selected</property>
            <property>/autopilot/autobrake/above-85-kts</property>
            </condition>
        </enable>
        <S>
            <property>/autopilot/autobrake/throttles-at-idle</property>
        </S>
        <R>
            <false/>
        </R>
        <output>/autopilot/autobrake/engaged</output>
    </flipflop>
    
    <filter>
        <name>Disengage logic</name>
        <debug>true</debug>
        <type>gain</type>
        <gain>1.0</gain>
        <enable>
            <condition>
            <property>/autopilot/autobrake/engaged</property>
            <or>
                <!-- disengage on pilot input -->
                <property>/autopilot/autobrake/pilot-input</property>
                
                <!-- disengage if the throttles are not at idle -->
                <not><property>/autopilot/autobrake/throttles-at-idle</property></not>
            </or>
            </condition>
        </enable>
        
        <input><value>0</value></input> <!-- move to 'disarm' -->
        <output>/autopilot/autobrake/step</output>
    </filter>
    
    <!-- model the accelerometer portion of the AB system.
      This could differentiate indicated-airspeed, but I suspect real-
      world systems use accelerometers directly. -->
    <filter>
        <name>Deceleration Sensor</name>
        <type>noise-spike</type>
        <max-rate-of-change>5.0</max-rate-of-change>
        <input>
            <scale>-1</scale> <!-- deceleration, not acceleration -->
            <property>/accelerations/pilot/x-accel-fps_sec</property>
        </input>
        <output>/autopilot/autobrake/actual-decel-ftsec2</output>
    </filter>
    
    <!-- translate dial setting levels into target decelerations, based upon
        information in the POH -->
    <filter>
        <name>Target Deceleration Table</name>
        <type>gain</type>
        <debug>false</debug>
        <gain>1.0</gain>
        <output>/autopilot/autobrake/target-decel-ftsec2</output>
        <input>
           <condition>
                <not><property>/autopilot/autobrake/rto-selected</property></not>
                <not><equals>
                    <property>/autopilot/autobrake/step</property>
                    <value>5</value>
                </equals></not>
            </condition> 
            <expression>
                <!-- values taken from http://static.pprune.org/archive/index.php/t-337486.html;
                unverified, except that MAX is definitely 11FPS, and the intermediate values
                looks plausible on that basis 
                -->
                <table>
                    <property>/autopilot/autobrake/step</property> 
                    <entry><ind>0</ind><dep>0</dep></entry>
                    <entry><ind>1</ind><dep>4</dep></entry>
                    <entry><ind>2</ind><dep>5</dep></entry>
                    <entry><ind>3</ind><dep>6</dep></entry>
                    <entry><ind>4</ind><dep>7</dep></entry>
                </table>
            </expression>
        </input>
        
        <input>
              <condition>
                  <not><property>/autopilot/autobrake/rto-selected</property></not>
                  <property>/autopilot/autobrake/pitch-up-1deg</property>
                  <equals>
                      <property>/autopilot/autobrake/step</property>
                      <value>5</value>
                  </equals>
              </condition>
              <value>7</value> <!-- MAX limits to 7FPS until pitch is < 1 degree -->
          </input>

          <input>
              <condition>
                  <not><property>/autopilot/autobrake/rto-selected</property></not>
                  <not><property>/autopilot/autobrake/pitch-up-1deg</property></not>
                  <equals>
                      <property>/autopilot/autobrake/step</property>
                      <value>5</value>
                  </equals>
              </condition>
              <value>11</value> <!-- the real MAX value -->
          </input>
        
        <input>
           <condition>
                <property>/autopilot/autobrake/rto-selected</property>
            </condition>
            <!-- RTO setting applies max hydraulic pressure, simulate this
              with a huge value here, to ensure the PI drives to 1.0 output -->
            <value>50</value>
        </input>
    </filter>
    
    <pi-simple-controller>
        <name>Brake Effort Computer</name>
        <debug>false</debug>
        <enable>
            <property>/autopilot/autobrake/engaged</property>
        </enable>
        <input><property>/autopilot/autobrake/actual-decel-ftsec2</property></input>
        <reference>/autopilot/autobrake/target-decel-ftsec2</reference>
        
        <output>/autopilot/autobrake/output-brake</output>
        <min>0.0</min>
        <max>1.0</max>
        
        <config>
            <Kp>1.0</Kp>
            <Ki>0.0</Ki>
        </config>
    </pi-simple-controller>
    
    <!-- left output summer -->
    <filter>
        <name>Left Output Summer</name>
        <type>gain</type>
        <gain>1.0</gain>
        
        <input>
            <condition>
                <property>/autopilot/autobrake/engaged</property>
            </condition>
            
            <expression>
                <max>
                    <property>/controls/gear/brake-left</property>
                    <property>/autopilot/autobrake/output-brake</property>
                </max>
            </expression>
        </input>
        <!-- default input -->
        <input>
			<expression>
                <max>
                    <property>/controls/gear/brake-left</property>
                    <property>/controls/gear/brake-parking</property>
                </max>
            </expression>
        </input>
        
        <output>/autopilot/autobrake/left-brake-output</output>
    </filter>
    
    <!-- right output summer -->
    <filter>
        <name>Right Output Summer</name>
        <type>gain</type>
        <gain>1.0</gain>
        
        <input>
            <condition>
                <property>/autopilot/autobrake/engaged</property>
            </condition>
            
            <expression>
                <max>
                    <property>/controls/gear/brake-right</property>
                    <property>/autopilot/autobrake/output-brake</property>
                </max>
            </expression>
        </input>
        <!-- default input -->
        <input>
            <expression>
                <max>
                    <property>/controls/gear/brake-right</property>
                    <property>/controls/gear/brake-parking</property>
                </max>
            </expression>
        </input>
        
        <output>/autopilot/autobrake/right-brake-output</output>
    </filter>
    
</PropertyList>