<?xml version="1.0" encoding="UTF-8"?>

<PropertyList>

    <!-- selected active flight recorder configuration for replay system -->
    <replay-config type="int">0</replay-config>

    <config n="0">
        <name type="string">B744 Flight Recorder</name>

        <!-- include generic stuff -->
        <signals include="/Aircraft/Generic/flightrecorder/components/position.xml" />
        <signals include="/Aircraft/Generic/flightrecorder/components/controls.xml" />
        <signals include="/Aircraft/Generic/flightrecorder/components/surfaces.xml"/>
        <signals include="/Aircraft/Generic/flightrecorder/components/engine-jet.xml">
            <count type="int">4</count>
        </signals>
        <signals include="/Aircraft/Generic/flightrecorder/components/gear-retractable.xml">
            <count type="int">5</count>
        </signals>
        <signals include="/Aircraft/Generic/flightrecorder/components/tanks.xml">
            <count type="int">8</count>
        </signals>

        <signals>  <!-- now the custom properties -->

            <signals>
                <!--  engine related signals -->
                <count type="int">4</count>
                <signal>
                    <type>bool</type><property type="string">/controls/engines/engine[%i]/cutoff</property>
                </signal>
                <signal>
                    <type>bool</type><property type="string">/controls/electric/engine[%i]/generator</property>
                </signal>
                <signal>
                    <type>bool</type><property type="string">/controls/electric/bus-tie[%i]</property>
                </signal>
                <signal>
                    <type>float</type><property type="string">/engines/engine[%i]/reverser-pos-norm</property>
                </signal>
            </signals>

            <signal>
                <type>bool</type><property type="string">/controls/lighting/instruments-norm</property>
            </signal>
            <signal>
                <type>bool</type><property type="string">/controls/lighting/nav-lights</property>
            </signal>
            <signal>
                <type>bool</type><property type="string">/controls/lighting/beacon</property>
            </signal>
            <signal>
                <type>bool</type><property type="string">/controls/lighting/strobe</property>
            </signal>
            <signal>
                <type>bool</type><property type="string">/controls/lighting/logo-lights</property>
            </signal>
            <signal>
                <type>bool</type><property type="string">/controls/lighting/landing-light-inbdl</property>
            </signal>
            <signal>
                <type>bool</type><property type="string">/controls/lighting/landing-light-inbdr</property>
            </signal>
            <signal>
                <type>bool</type><property type="string">/controls/lighting/landing-light-outbdl</property>
            </signal>
            <signal>
                <type>bool</type><property type="string">/controls/lighting/landing-light-outbdr</property>
            </signal>
            <signal>
                <type>int16</type><property type="string">/autopilot/settings/target-speed-kt</property>
            </signal>
            <signal>
                <type>int</type><property type="string">/autopilot/settings/target-altitude-ft</property>
            </signal>
            <signal>
                <type>int16</type><property type="string">/autopilot/settings/heading-bug-deg</property>
            </signal>

            <signals>
                <!--  engine related signals -->
                <count type="int">5</count>
                <signal>
                    <type>float</type>
                    <property type="string">/gear/gear[%i]/compression-m</property>
                </signal>
            </signals>

            <signal>
                <type>float</type>
                <property type="string">/velocities/groundspeed-kt</property>
            </signal>
            <signal>
                <type>float</type>
                <property type="string">/surface-positions/speedbrake-norm</property>
            </signal>

        </signals>

    </config>

</PropertyList>
