<?xml version="1.0"?>

<PropertyList>

	<particlesystem>
		<name>fuel</name>
		<texture>particle.png</texture>
		<emissive>false</emissive>
		<lighting>false</lighting>

		<offsets>
			<x-m>16</x-m>
			<y-m>-0.3</y-m>
			<z-m>0</z-m>
		</offsets>

		<condition>
			<or>
				<greater-than>
					<property>/fdm/jsbsim/propulsion/tank[0]/external-flow-rate/jettison</property>
					<value>0</value>
				</greater-than>
				<greater-than>
					<property>/fdm/jsbsim/propulsion/tank[2]/external-flow-rate/jettison</property>
					<value>0</value>
				</greater-than>
				<greater-than>
					<property>/fdm/jsbsim/propulsion/tank[3]/external-flow-rate/jettison</property>
					<value>0</value>
				</greater-than>
				<greater-than>
					<property>/fdm/jsbsim/propulsion/tank[7]/external-flow-rate/jettison</property>
					<value>0</value>
				</greater-than>
			</or>
		</condition>

		<attach>world</attach>

		<placer>
			<type>point</type>
		</placer>

		<shooter>
			<theta-min-deg>85</theta-min-deg>
			<theta-max-deg>85</theta-max-deg>
			<phi-min-deg>-0</phi-min-deg>
			<phi-max-deg>0</phi-max-deg>
			<speed-mps>
				<value>10</value>
				<spread>2.5</spread>
			</speed-mps>
			<rotation-speed>
				<x-max-deg-sec>0</x-max-deg-sec>
				<x-min-deg-sec>0</x-min-deg-sec>
				<y-max-deg-sec>0</y-max-deg-sec>
				<y-min-deg-sec>0</y-min-deg-sec>
				<z-max-deg-sec>0</z-max-deg-sec>
				<z-min-deg-sec>0</z-min-deg-sec>
			</rotation-speed>
		</shooter>

		<counter>
			<particles-per-sec>
				<value>500</value>
				<spread>50</spread>
			</particles-per-sec>
		</counter>

		<align>billboard</align>

		<particle>
			<start>
				<color>
					<red>
						<value>0.9</value>
					</red>
					<green>
						<value>0.9</value>
					</green>
					<blue>
						<value>0.9</value>
					</blue>
					<alpha>
						<value>0.15</value>
					</alpha>
				</color>
				<size>
					<value>0.25</value>
				</size>
			</start>
			<end>
				<color>
					<red>
						<value>1</value>
					</red>
					<green>
						<value>1</value>
					</green>
					<blue>
						<value>1</value>
					</blue>
					<alpha>
						<value>0.020</value>
					</alpha>
				</color>
				<size>
					<value>2</value>
				</size>
			</end>
			<life-sec>
				<value>5</value>
			</life-sec>
			<mass-kg>0.025</mass-kg>
			<radius-m>0.1</radius-m>
		</particle>

		<program>
			<fluid>air</fluid>
			<gravity>true</gravity>
			<wind>true</wind>
		</program>

	</particlesystem>

</PropertyList>