<?xml version="1.0"?>
<PropertyList>

  <name>ext pwr 1 on</name>
  <w-base>20</w-base><h-base>40</h-base>
  <layers>
    <layer>
      <name>off/on</name>
      <type>switch</type>
      <layer>
	<condition>
	  <equals>
	    <property>/systems/electrical/external-power[0]</property>
	    <value>2</value>
	  </equals>
	</condition>
	<name>true</name>
	<texture>
	  <path>Aircraft/747-400/Panels/744_elec_sw.png</path>
	  <x1>0.5625</x1><y1>0</y1><x2>0.625</x2><y2>1</y2>
	</texture>
	<w>20</w><h>40</h>
      </layer>
      <layer>
	<name>false</name>
	<texture>
	  <path>Aircraft/747-400/Panels/744_elec_sw.png</path>
	  <x1>0.625</x1><y1>0</y1><x2>0.6875</x2><y2>1</y2>
	</texture>
	<w>20</w><h>40</h>
      </layer>
    </layer>
  </layers>

  <actions>
    <action>
      <button>0</button>
      <x>-30</x> <y>-20</y>
      <w>40</w>
      <h>40</h>
      <binding>
	<command>property-toggle</command>
      </binding>
    </action>
  </actions>
</PropertyList>
