<PropertyList>
  <w-base>32</w-base><h-base>32</h-base>
  <layers>
    <layer>
      <texture>
	<path>Aircraft/747-400/Panels/744_elec_sw.png</path>
	<x1>0</x1><y1>0</y1><x2>0.125</x2><y2>1</y2>
      </texture>
      <transformations>
	<transformation>
	  <type>rotation</type>
	  <interpolation>
	    <entry> <ind>0</ind> <dep>-40</dep> </entry>
	    <entry> <ind>1</ind> <dep>  0</dep> </entry>
	    <entry> <ind>2</ind> <dep> 40</dep> </entry>
	  </interpolation>
	</transformation>
      </transformations>
    </layer>
  </layers>
  <actions>
    <action>
      <button>0</button>
      <x>-20</x> <y>-20</y>
      <w>40</w>
      <h>40</h>
      <binding>
	<command>nasal</command>
      </binding>
    </action>
    <action>
      <button>1</button>
      <x>-20</x> <y>-20</y>
      <w>40</w>
      <h>40</h>
      <binding>
	<command>nasal</command>
      </binding>
    </action>
  </actions>
</PropertyList>
