<PropertyList>
  <w-base>40</w-base><h-base>20</h-base>
  <layers>
    <layer>
      <name>sw</name>
      <type>switch</type>
      <layer>
	<condition>
	</condition>
	<name>true</name>
	<texture>
	  <path>Aircraft/747-400/Panels/744_elec_sw.png</path>
	  <x1>0.333</x1><y1>0.5</y1><x2>0.5</x2><y2>1</y2>
	</texture>
	<w>40</w><h>20</h>
      </layer>
      <layer>
	<name>false</name>
	<texture>
	  <path>Aircraft/747-400/Panels/744_elec_sw.png</path>
	  <x1>0.125</x1><y1>0.5</y1><x2>0.25</x2><y2>1</y2>
	</texture>
	<w>40</w><h>20</h>
      </layer>
    </layer>
  </layers>

  <actions>
    <action>
      <button>0</button>
      <x>-20</x> <y>-30</y>
      <w>40</w>
      <h>40</h>
      <binding>
	<command>property-toggle</command>
      </binding>
    </action>
  </actions>
</PropertyList>
