<?xml version="1.0"?>

<PropertyList>

<path>stby-ai.ac</path>

<animation>
 <type>material</type>
 <emission>
  <red>1</red>
  <green>0.8</green>
  <blue>0.5</blue>
  <factor-prop>controls/lighting/instruments-norm</factor-prop>
 </emission>
</animation>

<animation>
 <type>rotate</type>
 <object-name>ball</object-name>
 <property>/orientation/roll-deg</property>
 <center>
  <x-m>-0.042</x-m>
  <y-m> 0</y-m>
  <z-m>-0.004</z-m>
 </center>
 <axis>
  <x>1</x>
  <y>0</y>
  <z>0</z>
 </axis>
</animation>

<animation>
 <type>rotate</type>
 <object-name>ball</object-name>
 <property>/orientation/pitch-deg</property>
 <center>
  <x-m>-0.042</x-m>
  <y-m> 0</y-m>
  <z-m>-0.004</z-m>
 </center>
 <axis>
  <x>0</x>
  <y>1</y>
  <z>0</z>
 </axis>
</animation>

<animation>
 <type>rotate</type>
 <object-name>rollarrow</object-name>
 <property>/orientation/roll-deg</property>
 <axis>
  <x>1</x>
  <y>0</y>
  <z>0</z>
 </axis>
</animation>

</PropertyList>
